DateTime,Temperature,Humidity,Rainfall,Wind,Solar
2026-04-04 00:00,26.43,72.04,0.66,2.49,169.68
2026-04-04 01:00,27.93,65.88,1.05,2.09,385.67
2026-04-04 02:00,32.63,39.59,0.32,2.51,615.94
2026-04-04 03:00,34.01,36.3,0.08,2.35,779.27
2026-04-04 04:00,35.56,32.64,0.06,2.32,889.56
2026-04-04 05:00,36.39,31.39,0.13,2.68,890.7
2026-04-04 06:00,36.51,31.38,0.35,3.31,828.73
2026-04-04 07:00,36.06,32.8,0.47,4.31,758.36
2026-04-04 08:00,34.77,35.97,0.79,4.61,585.97
2026-04-04 09:00,33.11,40.48,1.04,4.75,378.96
2026-04-04 10:00,31.4,46.82,1.08,4.66,166.46
2026-04-04 11:00,29.73,54.2,0.71,4.29,14.45
2026-04-04 12:00,28.47,61.48,0.46,3.94,0.0
2026-04-04 13:00,27.86,65.82,0.41,3.92,0.0
2026-04-04 14:00,26.94,73.81,0.44,3.36,0.0
2026-04-04 15:00,26.77,72.21,0.45,2.67,0.0
2026-04-04 16:00,26.38,74.63,0.42,2.15,0.0
2026-04-04 17:00,26.05,76.19,0.38,1.96,0.0
2026-04-04 18:00,25.67,77.92,0.37,1.89,0.0
2026-04-04 19:00,25.05,80.32,0.46,1.89,0.0
2026-04-04 20:00,24.98,80.75,0.31,1.78,0.0
2026-04-04 21:00,24.71,81.73,0.25,1.76,0.0
2026-04-04 22:00,24.47,82.6,0.21,1.77,0.0
2026-04-04 23:00,24.59,81.92,0.21,1.8,16.88
2026-04-05 00:00,26.68,70.56,0.59,2.31,167.53
2026-04-05 01:00,29.92,51.63,0.67,1.84,384.07
2026-04-05 02:00,32.81,39.07,2.02,1.08,613.76
2026-04-05 03:00,34.61,33.93,1.93,0.71,783.6
2026-04-05 04:00,36.2,31.1,2.11,0.91,884.07
2026-04-05 05:00,36.74,29.94,3.18,1.7,892.03
2026-04-05 06:00,36.84,29.97,4.42,2.54,841.9
2026-04-05 07:00,36.48,31.44,4.19,3.89,755.17
2026-04-05 08:00,35.29,34.1,2.81,3.93,489.57
2026-04-05 09:00,33.98,36.78,2.17,4.11,293.23
2026-04-05 10:00,31.76,44.7,1.66,4.33,156.58
2026-04-05 11:00,30.68,49.44,0.56,4.49,10.88
2026-04-05 12:00,29.22,57.23,0.33,4.46,0.0
2026-04-05 13:00,28.13,64.61,0.27,3.9,0.0
2026-04-05 14:00,27.34,69.71,0.33,3.13,0.0
2026-04-05 15:00,26.85,72.95,0.45,2.61,0.0
2026-04-05 16:00,26.3,75.89,0.55,2.21,0.0
2026-04-05 17:00,25.88,77.92,0.83,2.08,0.0
2026-04-05 18:00,25.36,80.82,1.26,2.11,0.0
2026-04-05 19:00,24.84,83.21,1.53,2.13,0.0
2026-04-05 20:00,24.62,83.25,1.44,2.17,0.0
2026-04-05 21:00,24.19,84.29,1.23,2.3,0.0
2026-04-05 22:00,23.9,84.43,1.13,2.36,0.0
2026-04-05 23:00,24.01,82.88,0.78,2.47,16.29
2026-04-06 00:00,26.69,69.14,0.45,3.39,157.93
2026-04-06 01:00,30.35,48.63,0.2,3.14,372.96
2026-04-06 02:00,33.46,35.14,0.12,2.25,594.21
2026-04-06 03:00,35.29,29.19,0.04,1.41,772.74
2026-04-06 04:00,36.98,24.98,0.03,1.01,870.8
2026-04-06 05:00,37.84,23.58,0.06,1.38,885.45
2026-04-06 06:00,37.98,23.45,0.17,2.29,835.28
2026-04-06 07:00,37.73,24.25,0.11,4.49,784.28
2026-04-06 08:00,36.21,27.67,0.12,5.03,493.45
2026-04-06 09:00,34.77,32.07,0.1,5.26,325.46
2026-04-06 10:00,32.71,39.04,0.08,5.64,148.7
2026-04-06 11:00,30.76,48.53,0.1,5.41,10.9
2026-04-06 12:00,28.92,58.41,0.13,5.06,0.0
2026-04-06 13:00,27.9,65.94,0.18,4.08,0.0
2026-04-06 14:00,27.13,70.82,0.23,3.24,0.0
2026-04-06 15:00,26.66,74.84,0.33,2.65,0.0
2026-04-06 16:00,26.03,78.98,0.4,2.1,0.0
2026-04-06 17:00,25.58,82.75,0.45,1.99,0.0
2026-04-06 18:00,25.11,86.6,0.56,1.96,0.0
2026-04-06 19:00,24.66,90.05,0.64,1.91,0.0
2026-04-06 20:00,24.37,92.06,0.71,1.92,0.0
2026-04-06 21:00,24.15,91.98,0.71,1.96,0.0
2026-04-06 22:00,23.92,92.26,0.56,2.04,0.0
2026-04-06 23:00,24.0,91.4,0.49,2.11,17.23
2026-04-07 00:00,26.47,70.96,0.46,2.84,160.37
2026-04-07 01:00,29.7,52.55,0.22,2.6,371.86
2026-04-07 02:00,32.98,36.35,0.16,1.83,589.54
2026-04-07 03:00,35.04,29.88,0.07,1.0,773.59
2026-04-07 04:00,36.73,25.81,0.06,1.22,877.81
2026-04-07 05:00,37.83,24.53,0.06,2.01,898.03
2026-04-07 06:00,37.93,24.43,0.13,2.84,858.97
2026-04-07 07:00,37.7,25.44,0.06,5.06,796.37
2026-04-07 08:00,36.35,28.0,0.04,5.68,615.5
2026-04-07 09:00,34.73,32.13,0.02,5.9,363.53
2026-04-07 10:00,32.43,39.86,0.03,6.13,160.13
2026-04-07 11:00,29.76,52.73,0.07,5.68,14.88
2026-04-07 12:00,28.27,60.91,0.04,4.79,0.0
2026-04-07 13:00,27.44,68.04,0.08,3.61,0.0
2026-04-07 14:00,26.73,72.78,0.12,2.81,0.0
2026-04-07 15:00,26.38,78.45,0.18,2.7,0.0
2026-04-07 16:00,25.64,81.35,0.22,2.01,0.0
2026-04-07 17:00,25.4,84.67,0.26,2.01,0.0
2026-04-07 18:00,24.92,87.48,0.23,2.04,0.0
2026-04-07 19:00,24.62,88.74,0.33,1.96,0.0
2026-04-07 20:00,24.43,89.42,0.41,1.71,0.0
2026-04-07 21:00,24.24,89.79,0.48,1.55,0.0
2026-04-07 22:00,24.07,90.07,0.43,1.51,0.0
2026-04-07 23:00,24.18,89.07,0.44,1.67,19.87
2026-04-08 00:00,25.74,78.39,0.59,2.66,179.9
2026-04-08 01:00,28.48,60.85,0.54,3.16,386.08
2026-04-08 02:00,30.87,51.66,0.69,3.93,600.0
2026-04-08 03:00,32.75,45.18,0.65,4.62,764.34
2026-04-08 04:00,33.53,41.6,0.53,5.22,885.48
2026-04-08 05:00,33.98,41.19,0.65,5.34,909.22
2026-04-08 06:00,34.13,39.81,0.81,6.31,893.57
2026-04-08 07:00,33.75,41.25,0.94,7.1,803.66
2026-04-08 08:00,32.95,43.91,1.34,7.12,635.15
2026-04-08 09:00,34.0,44.06,2.04,6.76,383.92
2026-04-08 10:00,30.49,53.24,3.75,6.55,173.49
2026-04-08 11:00,28.71,60.76,4.56,5.96,15.85
2026-04-08 12:00,27.37,69.45,5.08,4.98,0.0
2026-04-08 13:00,26.7,76.84,6.88,4.42,0.0
2026-04-08 14:00,26.29,80.85,6.84,4.34,0.0
2026-04-08 15:00,26.0,83.77,6.18,4.41,0.0
2026-04-08 16:00,25.57,83.09,5.97,3.92,0.0
2026-04-08 17:00,25.39,86.51,5.73,4.03,0.0
2026-04-08 18:00,25.07,86.95,5.39,3.64,0.0
2026-04-08 19:00,24.73,87.48,4.87,2.97,0.0
2026-04-08 20:00,24.46,88.31,4.29,2.51,0.0
2026-04-08 21:00,24.25,88.77,2.47,2.2,0.0
2026-04-08 22:00,24.05,89.08,1.73,2.16,0.0
2026-04-08 23:00,24.1,88.81,1.41,2.5,23.03
2026-04-09 00:00,25.42,80.2,0.69,4.14,190.82
2026-04-09 01:00,27.67,66.6,0.38,4.6,410.33
2026-04-09 02:00,29.79,56.03,0.18,5.36,620.72
2026-04-09 03:00,31.59,48.69,0.14,5.96,789.03
2026-04-09 04:00,32.79,44.57,0.14,6.29,902.51
2026-04-09 05:00,33.49,43.87,0.23,6.24,924.98
2026-04-09 06:00,33.71,41.89,0.27,6.49,904.53
2026-04-09 07:00,33.41,42.65,0.22,6.58,786.65
2026-04-09 08:00,32.8,44.19,0.21,6.45,638.68
2026-04-09 09:00,32.66,45.12,0.26,6.18,396.9
2026-04-09 10:00,30.33,52.05,0.25,6.06,176.15
2026-04-09 11:00,28.53,60.38,0.2,5.63,15.61
2026-04-09 12:00,27.27,67.78,0.25,4.9,0.0
2026-04-09 13:00,26.51,74.6,0.42,4.43,0.0
2026-04-09 14:00,25.97,79.15,0.46,4.05,0.0
2026-04-09 15:00,25.63,82.09,0.34,3.86,0.0
2026-04-09 16:00,25.26,83.93,0.44,3.3,0.0
2026-04-09 17:00,24.95,86.05,0.67,3.25,0.0
2026-04-09 18:00,24.72,86.54,0.84,3.09,0.0
2026-04-09 19:00,24.48,86.95,0.68,2.74,0.0
2026-04-09 20:00,24.38,87.73,0.82,2.24,0.0
2026-04-09 21:00,24.11,88.2,0.57,1.91,0.0
2026-04-09 22:00,23.85,88.22,0.41,1.89,0.0
2026-04-09 23:00,23.91,88.47,0.38,2.18,23.31
2026-04-10 00:00,25.28,79.65,0.89,1.62,188.44
2026-04-10 01:00,27.44,69.8,0.75,1.65,405.32
2026-04-10 02:00,28.99,58.0,0.76,1.34,633.88
2026-04-10 03:00,31.42,45.57,0.8,1.3,792.61
2026-04-10 04:00,33.47,38.03,1.12,1.42,903.06
2026-04-10 05:00,34.77,36.34,1.53,1.74,926.17
2026-04-10 06:00,35.37,34.16,2.15,2.42,897.6
2026-04-10 07:00,35.57,33.93,2.96,3.12,780.27
2026-04-10 08:00,34.87,35.84,3.61,3.5,607.55
2026-04-10 09:00,33.2,39.41,3.09,4.04,387.89
2026-04-10 10:00,31.05,49.31,2.07,4.69,168.34
2026-04-10 11:00,29.02,59.93,1.65,4.86,14.7
2026-04-10 12:00,27.3,67.85,1.59,4.72,0.0
2026-04-10 13:00,26.8,74.96,2.09,3.7,0.0
2026-04-10 14:00,26.35,78.36,2.98,3.25,0.0
2026-04-10 15:00,25.93,81.44,3.41,3.15,0.0
2026-04-10 16:00,25.68,83.87,4.41,2.44,0.0
2026-04-10 17:00,25.45,86.16,6.78,2.24,0.0
2026-04-10 18:00,25.25,87.85,8.15,1.94,0.0
2026-04-10 19:00,25.08,89.26,8.82,1.73,0.0
2026-04-10 20:00,24.91,90.28,8.16,1.35,0.0
2026-04-10 21:00,24.66,91.1,6.41,1.17,0.0
2026-04-10 22:00,24.54,91.38,6.17,1.26,0.0
2026-04-10 23:00,24.85,86.93,6.1,1.44,21.17
2026-04-11 00:00,25.74,82.93,5.42,2.29,161.27
2026-04-11 01:00,27.8,72.28,3.72,2.46,366.61
2026-04-11 02:00,29.26,63.29,0.95,2.62,587.14
2026-04-11 03:00,31.56,51.33,0.75,2.68,713.19
2026-04-11 04:00,33.65,43.52,0.76,2.58,828.78
2026-04-11 05:00,33.75,43.52,0.67,2.51,811.46
2026-04-11 06:00,34.31,41.65,0.49,2.64,780.37
2026-04-11 07:00,34.66,39.78,0.47,2.95,700.84
2026-04-11 08:00,34.63,39.11,0.34,3.25,534.44
2026-04-11 09:00,33.73,40.63,0.26,3.65,358.58
2026-04-11 10:00,32.0,47.11,0.19,4.06,152.68
2026-04-11 11:00,30.12,57.09,0.22,4.26,14.9
2026-04-11 12:00,28.07,65.3,0.23,4.34,0.0
2026-04-11 13:00,27.75,73.19,0.28,3.6,0.0
2026-04-11 14:00,27.48,76.87,0.35,3.18,0.0
2026-04-11 15:00,27.0,80.19,0.47,2.82,0.0
2026-04-11 16:00,26.41,83.96,0.5,2.24,0.0
2026-04-11 17:00,25.8,87.17,0.55,2.1,0.0
2026-04-11 18:00,25.51,89.25,0.8,2.03,0.0
2026-04-11 19:00,25.08,90.87,0.98,2.08,0.0
2026-04-11 20:00,24.83,91.36,0.94,2.12,0.0
2026-04-11 21:00,24.6,90.85,0.98,2.15,0.0
2026-04-11 22:00,24.56,89.94,1.03,2.24,0.0
2026-04-11 23:00,24.94,85.8,1.02,2.28,19.65
2026-04-12 00:00,26.61,77.75,1.6,3.15,160.22
2026-04-12 01:00,28.96,63.66,1.11,3.36,367.37
2026-04-12 02:00,31.44,49.76,0.57,3.4,606.36
2026-04-12 03:00,33.34,40.67,0.45,3.02,740.93
2026-04-12 04:00,35.48,33.78,0.4,2.51,863.43
2026-04-12 05:00,36.81,30.77,0.53,2.12,878.58
2026-04-12 06:00,37.4,29.73,0.94,1.75,832.81
2026-04-12 07:00,37.37,29.62,1.81,1.48,716.27
2026-04-12 08:00,36.64,30.53,1.74,1.28,525.58
2026-04-12 09:00,34.98,34.63,1.18,1.42,340.99
2026-04-12 10:00,33.3,41.86,0.96,1.99,146.45
2026-04-12 11:00,31.34,52.33,1.04,2.53,14.98
2026-04-12 12:00,29.04,61.93,0.94,3.3,0.0
2026-04-12 13:00,28.72,68.87,0.7,3.01,0.0
2026-04-12 14:00,28.08,74.42,0.62,2.6,0.0
2026-04-12 15:00,27.42,79.4,0.68,2.24,0.0
2026-04-12 16:00,26.86,83.94,0.77,1.99,0.0
2026-04-12 17:00,26.06,86.97,0.7,1.94,0.0
2026-04-12 18:00,25.95,89.72,0.73,1.55,0.0
2026-04-12 19:00,25.79,90.24,0.7,1.43,0.0
2026-04-12 20:00,25.69,89.5,0.66,1.38,0.0
2026-04-12 21:00,25.44,88.22,0.69,1.41,0.0
2026-04-12 22:00,25.25,87.64,0.73,1.42,0.0
2026-04-12 23:00,25.41,83.13,0.75,1.37,18.57
2026-04-13 00:00,26.89,74.2,0.82,1.18,145.06
2026-04-13 01:00,29.04,59.46,0.66,1.04,340.68
2026-04-13 02:00,31.49,46.5,0.43,1.0,564.47
2026-04-13 03:00,33.26,39.2,0.4,1.06,722.95
2026-04-13 04:00,34.72,34.89,0.41,1.35,839.08
2026-04-13 05:00,36.03,32.06,0.48,1.76,863.44
2026-04-13 06:00,36.25,31.55,0.66,2.24,801.33
2026-04-13 07:00,36.4,31.33,1.23,2.77,743.47
2026-04-13 08:00,35.97,31.77,1.16,2.97,535.03
2026-04-13 09:00,34.52,35.63,0.84,3.25,354.77
2026-04-13 10:00,33.44,40.44,0.6,3.52,145.52
2026-04-13 11:00,31.06,50.64,0.35,3.68,14.57
2026-04-13 12:00,29.18,60.99,0.23,4.05,0.0
2026-04-13 13:00,28.62,65.7,0.21,3.26,0.0
2026-04-13 14:00,27.97,70.09,0.32,2.63,0.0
2026-04-13 15:00,27.29,74.5,0.45,2.08,0.0
2026-04-13 16:00,26.85,80.57,0.48,1.95,0.0
2026-04-13 17:00,26.24,77.87,0.69,1.91,0.0
2026-04-13 18:00,26.3,73.7,1.24,1.41,0.0
2026-04-13 19:00,26.35,72.07,1.41,1.22,0.0
2026-04-13 20:00,26.27,72.08,1.59,1.06,0.0
2026-04-13 21:00,25.69,74.85,1.66,1.28,0.0
2026-04-13 22:00,25.21,78.59,1.38,1.52,0.0
2026-04-13 23:00,25.08,81.16,1.07,1.59,18.67
2026-04-14 00:00,26.67,74.04,0.73,1.94,150.57
2026-04-14 01:00,29.18,55.94,0.46,1.99,341.92
2026-04-14 02:00,31.65,44.48,0.21,1.96,557.07
2026-04-14 03:00,33.4,38.25,0.18,1.92,720.65
2026-04-14 04:00,34.82,33.75,0.18,2.17,843.36
2026-04-14 05:00,35.9,30.92,0.19,2.53,869.74
2026-04-14 06:00,36.06,30.52,0.23,2.96,809.68
2026-04-14 07:00,36.28,30.1,0.31,4.14,737.51
2026-04-14 08:00,35.63,31.12,0.36,4.54,560.07
2026-04-14 09:00,34.12,36.27,0.37,4.63,344.34
2026-04-14 10:00,32.37,42.19,0.29,5.13,147.78
2026-04-14 11:00,30.79,50.55,0.24,4.63,13.77
2026-04-14 12:00,29.16,60.02,0.24,4.51,0.0
2026-04-14 13:00,28.31,65.34,0.29,3.32,0.0
2026-04-14 14:00,27.46,68.77,0.39,2.78,0.0
2026-04-14 15:00,26.81,72.36,0.41,2.39,0.0
2026-04-14 16:00,26.22,76.37,0.41,2.19,0.0
2026-04-14 17:00,25.68,78.98,0.46,2.08,0.0
2026-04-14 18:00,25.37,80.67,0.75,1.73,0.0
2026-04-14 19:00,24.99,83.22,0.9,1.55,0.0
2026-04-14 20:00,24.72,84.84,1.12,1.34,0.0
2026-04-14 21:00,24.47,85.61,0.98,1.21,0.0
2026-04-14 22:00,24.33,85.85,0.76,1.16,0.0
2026-04-14 23:00,24.49,85.74,0.75,1.31,19.31
2026-04-15 00:00,26.15,75.32,0.42,1.64,157.9
2026-04-15 01:00,28.8,57.19,0.3,1.9,355.55
2026-04-15 02:00,31.64,44.49,0.3,2.11,556.38
2026-04-15 03:00,33.28,39.64,0.37,2.67,724.43
2026-04-15 04:00,34.38,37.57,0.42,3.12,844.14
2026-04-15 05:00,35.17,35.91,0.81,3.5,863.37
2026-04-15 06:00,35.38,35.09,2.44,3.89,828.53
2026-04-15 07:00,35.38,35.22,4.45,4.35,710.55
2026-04-15 08:00,34.65,36.98,6.65,4.49,515.41
2026-04-15 09:00,33.32,40.46,7.49,4.42,312.66
2026-04-15 10:00,31.95,44.19,6.02,4.46,131.64
2026-04-15 11:00,30.09,53.43,2.95,3.98,12.15
2026-04-15 12:00,28.39,64.06,2.19,4.41,0.0
2026-04-15 13:00,27.68,68.0,1.58,3.59,0.0
2026-04-15 14:00,27.29,69.33,1.51,2.93,0.0
2026-04-15 15:00,26.52,76.05,1.99,2.73,0.0
2026-04-15 16:00,26.02,79.47,2.13,2.6,0.0
2026-04-15 17:00,25.63,81.62,2.25,2.53,0.0
2026-04-15 18:00,25.28,84.49,3.14,2.34,0.0
2026-04-15 19:00,24.94,86.31,3.27,2.25,0.0
2026-04-15 20:00,24.73,87.67,2.93,2.09,0.0
2026-04-15 21:00,24.52,88.66,2.19,1.94,0.0
2026-04-15 22:00,24.42,88.79,1.63,1.85,0.0
2026-04-15 23:00,24.6,87.98,1.27,1.9,21.15
2026-04-16 00:00,25.97,79.32,0.67,2.47,160.91
2026-04-16 01:00,28.71,59.21,0.65,2.48,366.83
2026-04-16 02:00,31.59,49.23,0.64,2.7,588.94
2026-04-16 03:00,33.0,43.78,0.69,3.08,747.77
2026-04-16 04:00,34.31,39.07,0.8,3.19,849.14
2026-04-16 05:00,35.37,36.46,1.26,3.29,845.2
2026-04-16 06:00,35.7,35.07,3.53,3.46,835.77
2026-04-16 07:00,35.73,35.05,8.19,3.81,714.45
2026-04-16 08:00,34.75,37.1,10.9,4.27,546.73
2026-04-16 09:00,33.49,40.76,11.32,4.68,340.72
2026-04-16 10:00,31.8,46.67,8.81,5.25,138.69
2026-04-16 11:00,29.91,56.1,3.37,5.16,12.78
2026-04-16 12:00,28.47,63.76,2.23,5.3,0.0
2026-04-16 13:00,27.5,71.08,1.4,4.97,0.0
2026-04-16 14:00,27.29,69.63,1.32,4.57,0.0
2026-04-16 15:00,26.47,79.37,1.72,4.23,0.0
2026-04-16 16:00,25.99,82.74,1.7,3.8,0.0
2026-04-16 17:00,25.62,84.68,1.75,3.55,0.0
2026-04-16 18:00,25.34,87.19,3.27,3.25,0.0
2026-04-16 19:00,25.05,88.98,2.98,2.89,0.0
2026-04-16 20:00,24.82,90.07,2.24,2.65,0.0
2026-04-16 21:00,24.58,91.22,1.95,2.47,0.0
2026-04-16 22:00,24.4,91.86,1.57,2.38,0.0
2026-04-16 23:00,24.59,91.22,1.34,2.46,23.18
2026-04-17 00:00,26.19,80.86,0.15,3.64,170.1
2026-04-17 01:00,28.83,62.85,0.14,3.69,381.74
2026-04-17 02:00,31.72,50.23,0.05,3.68,586.92
2026-04-17 03:00,33.36,42.86,0.02,3.79,758.57
2026-04-17 04:00,34.83,37.28,0.01,3.89,873.41
2026-04-17 05:00,36.14,34.88,0.04,4.01,854.37
2026-04-17 06:00,36.39,32.87,0.04,4.31,854.44
2026-04-17 07:00,36.45,32.27,0.13,4.73,736.86
2026-04-17 08:00,35.92,33.15,0.2,4.97,585.28
2026-04-17 09:00,34.56,36.72,0.04,5.01,362.05
2026-04-17 10:00,32.36,45.38,0.05,5.13,139.38
2026-04-17 11:00,31.07,51.09,0.03,5.01,14.82
2026-04-17 12:00,29.94,58.05,0.06,5.14,0.0
2026-04-17 13:00,29.15,64.04,0.13,5.27,0.0
2026-04-17 14:00,28.57,66.29,0.14,5.08,0.0
2026-04-17 15:00,27.94,70.43,0.19,4.76,0.0
2026-04-17 16:00,27.42,73.22,0.2,4.35,0.0
2026-04-17 17:00,26.98,76.58,0.27,4.1,0.0
2026-04-17 18:00,26.69,79.24,0.36,3.73,0.0
2026-04-17 19:00,26.28,82.01,0.35,3.35,0.0
2026-04-17 20:00,25.98,84.56,0.37,3.27,0.0
2026-04-17 21:00,25.49,87.17,0.33,3.13,0.0
2026-04-17 22:00,25.09,89.42,0.28,3.0,0.0
2026-04-17 23:00,25.17,89.2,0.28,3.4,25.72
2026-04-18 00:00,26.88,78.71,0.34,4.69,169.18
2026-04-18 01:00,29.3,63.09,0.32,4.74,376.91
2026-04-18 02:00,32.15,49.67,0.32,4.88,558.89
2026-04-18 03:00,34.05,42.29,0.33,4.79,718.98
2026-04-18 04:00,35.6,36.81,0.46,4.65,858.47
2026-04-18 05:00,36.71,35.05,1.0,4.71,855.23
2026-04-18 06:00,36.79,33.75,1.37,4.65,854.44
2026-04-18 07:00,37.01,33.23,2.78,4.97,745.27
2026-04-18 08:00,36.75,33.69,3.01,5.11,552.82
2026-04-18 09:00,35.53,35.66,2.12,5.09,370.32
2026-04-18 10:00,34.52,39.28,1.14,5.24,140.36
2026-04-18 11:00,32.09,47.98,0.78,5.15,14.73
2026-04-18 12:00,30.36,56.2,1.05,5.13,0.0
2026-04-18 13:00,29.37,62.95,1.23,4.8,0.0
2026-04-18 14:00,28.66,66.41,1.04,4.47,0.0
2026-04-18 15:00,28.17,69.99,0.79,4.33,0.0
2026-04-18 16:00,27.66,72.8,0.56,4.15,0.0
2026-04-18 17:00,27.15,76.0,0.53,4.05,0.0
2026-04-18 18:00,26.86,78.68,0.45,3.76,0.0
2026-04-18 19:00,26.38,81.64,0.37,3.38,0.0
2026-04-18 20:00,26.06,84.15,0.37,3.33,0.0
2026-04-18 21:00,25.56,86.85,0.35,3.22,0.0
2026-04-18 22:00,25.25,88.8,0.38,3.14,0.0
2026-04-18 23:00,25.35,88.43,0.53,3.43,25.49
2026-04-19 00:00,27.38,76.7,0.68,4.56,157.66
2026-04-19 01:00,30.3,59.14,0.43,4.73,349.16
2026-04-19 02:00,32.78,47.13,0.25,4.52,537.13
2026-04-19 03:00,34.86,39.48,0.21,4.04,695.97
2026-04-19 04:00,36.67,34.56,0.15,3.83,808.04
2026-04-19 05:00,37.78,32.2,0.19,3.83,840.79
2026-04-19 06:00,38.0,31.51,0.23,4.01,841.11
2026-04-19 07:00,38.31,30.55,0.39,3.84,730.41
2026-04-19 08:00,37.88,31.23,0.38,3.66,569.85
2026-04-19 09:00,36.92,33.36,0.07,3.54,367.73
2026-04-19 10:00,35.47,36.97,0.06,3.67,150.87
2026-04-19 11:00,32.98,46.59,0.07,3.91,13.25
2026-04-19 12:00,31.6,54.24,0.33,4.23,0.0
2026-04-19 13:00,30.69,61.06,0.57,4.58,0.0
2026-04-19 14:00,30.25,61.89,0.72,4.4,0.0
2026-04-19 15:00,29.76,64.59,0.7,4.38,0.0
2026-04-19 16:00,29.34,67.64,0.71,4.42,0.0
2026-04-19 17:00,28.98,70.0,0.71,4.39,0.0
2026-04-19 18:00,28.6,72.2,0.69,4.18,0.0
2026-04-19 19:00,28.26,74.58,0.64,3.91,0.0
2026-04-19 20:00,28.0,76.04,0.54,3.77,0.0
2026-04-19 21:00,27.75,76.9,0.42,3.64,0.0
2026-04-19 22:00,27.51,77.26,0.37,3.54,0.0
2026-04-19 23:00,27.49,77.92,0.31,3.46,25.64
2026-04-20 00:00,28.44,72.35,0.33,4.29,156.3
2026-04-20 01:00,31.0,56.46,0.22,4.43,340.8
2026-04-20 02:00,33.54,45.59,0.23,4.35,539.3
2026-04-20 03:00,35.39,39.11,0.2,4.03,709.96
2026-04-20 04:00,36.88,35.06,0.14,3.91,825.35
2026-04-20 05:00,37.71,33.4,0.2,3.98,821.2
2026-04-20 06:00,37.99,32.73,0.32,4.12,834.45
2026-04-20 07:00,38.09,32.45,0.6,4.17,730.3
2026-04-20 08:00,37.32,34.11,0.82,4.42,571.52
2026-04-20 09:00,36.46,35.7,0.96,4.44,366.26
2026-04-20 10:00,35.1,38.95,1.01,4.39,151.8
2026-04-20 11:00,33.77,44.03,1.07,4.34,13.75
2026-04-20 12:00,31.87,53.32,1.41,4.21,0.0
2026-04-20 13:00,31.08,58.4,1.52,4.38,0.0
2026-04-20 14:00,30.37,62.2,1.44,4.13,0.0
2026-04-20 15:00,29.82,65.78,1.17,3.82,0.0
2026-04-20 16:00,29.32,69.01,0.93,3.58,0.0
2026-04-20 17:00,28.9,71.8,0.76,3.43,0.0
2026-04-20 18:00,28.5,74.26,0.72,3.3,0.0
2026-04-20 19:00,28.16,76.07,0.8,3.3,0.0
2026-04-20 20:00,27.86,77.02,0.64,3.37,0.0
2026-04-20 21:00,27.71,76.66,0.41,3.5,0.0
2026-04-20 22:00,27.58,76.0,0.29,3.49,0.0
2026-04-20 23:00,27.61,74.99,0.15,3.6,27.4
2026-04-21 00:00,28.88,67.96,0.01,3.41,173.76
2026-04-21 01:00,31.52,53.89,0.01,3.41,346.97
2026-04-21 02:00,34.22,43.9,0.0,2.52,581.62
2026-04-21 03:00,36.07,37.64,0.0,2.43,757.23
2026-04-21 04:00,37.64,33.05,0.0,2.58,825.79
2026-04-21 05:00,38.88,30.22,0.0,2.87,863.07
2026-04-21 06:00,39.26,29.06,0.0,3.39,830.3
2026-04-21 07:00,39.34,28.73,0.0,4.19,743.07
2026-04-21 08:00,38.53,29.74,0.0,4.55,574.36
2026-04-21 09:00,37.42,31.91,0.0,4.63,365.84
2026-04-21 10:00,35.22,38.35,0.0,4.67,152.57
2026-04-21 11:00,34.02,42.69,0.0,4.66,15.64
2026-04-21 12:00,32.39,50.3,0.0,4.63,0.0
2026-04-21 13:00,31.32,56.38,0.01,4.58,0.0
2026-04-21 14:00,30.5,60.89,0.02,4.22,0.0
2026-04-21 15:00,29.82,65.09,0.02,3.95,0.0
2026-04-21 16:00,29.27,68.11,0.02,3.84,0.0
2026-04-21 17:00,28.83,70.2,0.02,3.6,0.0
2026-04-21 18:00,28.41,71.67,0.02,3.22,0.0
2026-04-21 19:00,28.05,72.1,0.02,2.74,0.0
2026-04-21 20:00,27.74,72.68,0.02,2.58,0.0
2026-04-21 21:00,27.48,72.6,0.02,2.55,0.0
2026-04-21 22:00,27.3,72.54,0.02,2.6,0.0
2026-04-21 23:00,27.35,72.93,0.05,2.86,28.23
2026-04-22 00:00,29.01,67.12,0.01,3.76,176.57
2026-04-22 01:00,32.27,49.1,0.01,3.75,380.62
2026-04-22 02:00,34.49,41.51,0.01,3.31,596.43
2026-04-22 03:00,36.11,36.33,0.01,3.14,763.69
2026-04-22 04:00,37.55,32.39,0.01,3.15,822.76
2026-04-22 05:00,38.48,29.81,0.0,3.43,886.12
2026-04-22 06:00,38.78,28.84,0.0,3.94,847.3
2026-04-22 07:00,38.82,28.64,0.01,4.64,737.94
2026-04-22 08:00,38.32,29.41,0.0,5.11,581.43
2026-04-22 09:00,37.43,31.66,0.0,5.34,366.09
2026-04-22 10:00,35.63,36.67,0.01,5.74,153.64
2026-04-22 11:00,34.2,41.51,0.01,5.77,16.75
2026-04-22 12:00,32.47,49.75,0.01,5.68,0.0
2026-04-22 13:00,31.39,56.12,0.02,5.54,0.0
2026-04-22 14:00,30.62,60.4,0.03,5.34,0.0
2026-04-22 15:00,29.97,64.27,0.02,5.08,0.0
2026-04-22 16:00,29.39,67.16,0.03,4.79,0.0
2026-04-22 17:00,28.92,69.42,0.03,4.48,0.0
2026-04-22 18:00,28.48,70.83,0.03,3.96,0.0
2026-04-22 19:00,28.06,71.71,0.03,3.34,0.0
2026-04-22 20:00,27.71,72.68,0.02,3.08,0.0
2026-04-22 21:00,27.36,73.87,0.02,2.93,0.0
2026-04-22 22:00,27.09,74.73,0.02,2.9,0.0
2026-04-22 23:00,27.24,74.43,0.05,3.17,29.4
2026-04-23 00:00,29.09,65.68,0.01,3.95,191.38
2026-04-23 01:00,32.22,49.68,0.01,3.96,390.14
2026-04-23 02:00,34.73,40.55,0.01,3.62,608.45
2026-04-23 03:00,36.15,36.13,0.01,3.49,770.21
2026-04-23 04:00,37.71,32.0,0.0,3.47,849.56
2026-04-23 05:00,39.53,27.98,0.0,3.67,912.81
2026-04-23 06:00,40.03,27.05,0.0,4.09,871.64
2026-04-23 07:00,40.01,26.89,0.0,4.64,753.72
2026-04-23 08:00,39.13,28.22,0.0,5.1,582.75
2026-04-23 09:00,37.49,30.87,0.0,5.27,370.19
2026-04-23 10:00,35.83,35.62,0.0,5.56,155.57
2026-04-23 11:00,34.49,40.05,0.0,5.55,16.8
2026-04-23 12:00,32.8,47.29,0.0,5.59,0.0
2026-04-23 13:00,31.61,53.85,0.0,5.54,0.0
2026-04-23 14:00,30.74,58.56,0.01,5.41,0.0
2026-04-23 15:00,30.06,62.19,0.01,5.29,0.0
2026-04-23 16:00,29.49,65.06,0.01,5.0,0.0
2026-04-23 17:00,29.03,67.22,0.01,4.68,0.0
2026-04-23 18:00,28.59,68.86,0.02,4.46,0.0
2026-04-23 19:00,28.21,70.09,0.02,4.3,0.0
2026-04-23 20:00,27.85,71.39,0.03,4.08,0.0
2026-04-23 21:00,27.48,72.7,0.03,3.85,0.0
2026-04-23 22:00,27.24,73.77,0.03,3.76,0.0
2026-04-23 23:00,27.33,73.8,0.06,4.06,30.56
2026-04-24 00:00,28.99,66.34,0.03,5.7,196.34
2026-04-24 01:00,31.8,51.75,0.03,5.94,401.46
2026-04-24 02:00,34.33,41.51,0.02,5.76,639.98
2026-04-24 03:00,36.03,35.65,0.02,5.53,796.56
2026-04-24 04:00,37.56,31.61,0.02,5.2,870.64
2026-04-24 05:00,38.89,28.2,0.01,5.26,905.65
2026-04-24 06:00,39.19,27.39,0.01,5.09,866.97
2026-04-24 07:00,39.25,27.17,0.01,5.41,750.1
2026-04-24 08:00,38.68,28.31,0.01,5.81,580.18
2026-04-24 09:00,37.16,31.21,0.0,6.0,371.13
2026-04-24 10:00,35.75,35.16,0.01,6.1,160.04
2026-04-24 11:00,34.04,41.04,0.01,6.22,17.48
2026-04-24 12:00,32.16,49.07,0.01,6.23,0.0
2026-04-24 13:00,31.21,55.24,0.02,5.9,0.0
2026-04-24 14:00,30.55,59.31,0.03,5.55,0.0
2026-04-24 15:00,29.9,62.91,0.03,5.41,0.0
2026-04-24 16:00,29.43,65.36,0.03,5.1,0.0
2026-04-24 17:00,29.02,68.03,0.03,4.78,0.0
2026-04-24 18:00,28.58,70.04,0.03,4.75,0.0
2026-04-24 19:00,28.26,71.31,0.04,4.65,0.0
2026-04-24 20:00,27.98,72.45,0.03,4.41,0.0
2026-04-24 21:00,27.7,73.93,0.04,4.18,0.0
2026-04-24 22:00,27.41,75.26,0.04,4.01,0.0
2026-04-24 23:00,27.38,76.17,0.11,4.1,34.32
