Timestamp,Temperature,Humidity,Rainfall,Wind,Solar
15:17,26.53,65.77,4.69,4.63,436.2
15:18,25.66,43.49,2.23,1.45,372.54
15:19,37.57,47.06,2.72,6.52,494.8
15:20,32.96,71.48,3.46,5.28,775.77
15:21,35.82,60.43,2.19,7.63,594.04
15:22,36.56,62.82,2.93,8.11,559.98
15:23,31.14,70.68,1.14,4.94,649.58
15:24,37.5,70.82,1.96,2.67,562.72
15:25,35.25,44.37,4.32,4.4,811.57
15:26,29.67,71.81,3.71,1.9,525.16
15:27,26.89,45.19,4.66,9.85,529.03
15:28,25.6,62.79,0.45,3.18,352.57
15:29,28.5,57.47,3.98,6.43,760.42
15:30,27.76,43.9,3.56,6.9,507.87
15:31,30.6,75.99,2.59,1.36,809.29
15:32,25.92,72.26,2.47,6.28,305.85
15:33,28.33,44.7,4.79,7.14,496.53
15:34,32.67,42.02,0.79,2.82,513.93
15:35,26.75,66.95,1.66,6.88,547.25
15:36,30.65,59.44,1.95,2.09,501.39
15:37,30.52,56.62,3.84,2.13,701.31
15:38,35.73,65.54,2.42,4.05,695.17
15:39,30.3,41.12,3.11,2.17,411.97
15:40,29.52,45.63,2.62,8.61,567.74
15:41,35.05,53.65,1.22,9.84,687.57
15:42,37.98,78.48,1.3,6.32,769.67
15:43,31.1,63.46,2.29,8.64,787.09
15:44,35.62,51.14,1.74,8.46,584.26
15:45,31.29,70.82,1.13,7.86,738.5
15:46,32.98,47.9,4.13,1.02,627.88
15:47,39.65,64.78,1.16,6.37,441.01
15:48,33.07,46.1,2.38,8.35,480.63
15:49,37.05,59.28,3.35,3,582.69
15:50,36.49,41.76,1.68,6.51,730.06
15:51,26.78,71.88,0.3,3.97,741.15
15:52,31.73,51.93,0.23,4.81,770.2
15:53,38.37,40.63,2.94,9.7,721.67
15:54,25.07,65.23,4.23,5.54,802.78
15:55,36.47,59.59,4.93,2.34,446.54
15:56,35.3,43.05,0.88,4.16,744.15
15:57,36.77,60.75,0.15,7.62,827.01
15:58,25.97,63.09,1.97,9.19,317.67
15:59,34.1,53.1,0.72,8.86,361.95
16:00,35.83,41.15,2.03,6.67,410.18
16:01,26.27,49.3,4.41,2.58,687.07
16:02,26.01,49.81,0.44,6.59,677.3
16:03,34.07,67.98,1.88,3.73,635.31
16:04,35.35,57.73,4.69,8.17,835.8
16:05,27.27,71.87,4.67,7.76,513.96
16:06,27.48,54.66,4.37,6.49,477.76
16:07,27.3,45.76,2.51,7.02,529.99
16:08,30.3,72.9,0.31,8.05,753.87
16:09,35.12,53.62,4.55,7.77,423.67
16:10,31.89,40.05,4.26,1.54,869.73
16:11,39.29,53.47,1.7,6.63,821.57
16:12,36.91,45.99,2.57,4.62,378.61
16:13,30.02,60.01,0.11,4.97,391.85
16:14,39.39,44.93,0.44,3.92,820.48
16:15,31.97,42.93,0.41,9.52,748.18
16:16,28.99,74.36,1.5,1.37,762.58
16:17,35.55,43.69,4.11,8.78,880.57
16:18,27.11,61.94,2.34,3.67,735.93
16:19,33.58,48.01,4.91,1.46,397.47
16:20,28.61,43.89,4.1,1.33,419.44
16:21,39.11,42.65,3.86,7.13,638.74
16:22,35.34,47.2,1.52,9.5,670.3
16:23,33.83,65.33,3.1,3.19,468.54
16:24,32.33,47.31,3.22,9.83,343.51
16:25,31.53,66.18,4.23,6.51,302.21
16:26,33.03,77.67,3.32,9.21,337.92
16:27,35.77,58.18,2.77,5.69,524.36
16:28,32.73,66.74,3.65,4.18,664.42
16:29,28.79,72.12,3.82,3.57,456.25
16:30,26.44,75.97,4.9,1.84,610.89
16:31,39.61,60.2,2.18,5.17,782.23
16:32,38,66.38,0.44,2.73,863.82
16:33,39.87,42.5,3.59,7.44,602.41
16:34,26.26,63.86,4.85,7.58,864.27
16:35,30.35,74.23,1.1,2.71,797.73
16:36,33.41,76.21,3.99,7.49,504.79
16:37,34.03,58.12,2.19,8.32,432.63
16:38,30.88,50.89,2.9,9.06,356.14
16:39,38.18,53.14,3.69,3.62,759.57
16:40,36.71,40.97,1,1.3,844.41
16:41,26.59,59.17,0.68,1.89,807.92
16:42,33.09,62.08,3.7,8.65,813.38
16:43,29.27,51.29,4.5,3.98,325.68
16:44,35.37,53.93,1.45,3.89,875.63
16:45,28.95,63.5,0.97,8.92,862.83
16:46,37.82,61.19,4.63,1.34,808.44
16:47,32.29,57.15,2.48,5.03,451.93
16:48,29.24,47.83,2.84,5.21,364.4
16:49,25.9,57.43,4.44,1.28,458.17
16:50,26.8,56.68,1.69,7.65,471.01
16:51,26.87,53.46,2.76,1.37,395.78
16:52,28.57,70.04,3.17,8.23,386.67
16:53,29.01,52.22,4.37,8.44,440.07
16:54,37.26,57.87,2.82,2.34,498.83
16:55,39.77,54.87,1.94,1.87,777.82
16:56,28.71,59.19,1.94,1.1,326.27
16:57,33.47,67.59,2.93,1.45,479.77
16:58,35.05,77.62,4.6,7.74,609.44
16:59,38.53,68.34,1.02,3.77,547.08
17:00,34.43,61.18,0.75,4.43,549.38
17:01,27.67,61.71,1.66,6.62,506.24
17:02,38.95,52.16,1.59,4.32,892.85
17:03,32.37,65.59,4.6,5.28,700.37
17:04,38.56,52.59,4.94,6.21,864.09
17:05,25.41,78.93,4.18,8.09,669.44
17:06,32.82,50.48,3.18,1.32,501.43
17:07,27.4,55.7,1.61,4.79,803.99
17:08,25.49,55.79,1.12,5.96,767.74
17:09,33.97,51.42,2.59,1.5,353.61
17:10,37.96,51.78,0.18,1.3,466.01
17:11,36.53,77.15,0.23,4.91,869.86
17:12,29.27,77.02,2.93,3,559.91
17:13,26.04,79.75,4.7,1.4,754.95
17:14,33.5,60.91,2.61,7.45,853.39
17:15,26.15,79.84,0.79,2.71,413.8
17:16,31.88,52.38,0.97,6.99,685
17:17,27.41,45.29,1.53,1.07,597.32
17:18,30.37,45.9,3.42,2.46,344.6
17:19,39.37,78,4.77,5.29,593.82
17:20,31.64,43.94,4.5,7.48,786.09
17:21,35.65,45.74,0.33,8.29,480.69
17:22,38.74,77.54,1.15,1.92,556.21
17:23,35.35,77.65,0.28,5.69,700.49
17:24,38.45,61.94,4.08,9.4,709.85
17:25,32.13,65.11,0.55,7.97,644.41
17:26,28.39,73.93,3.86,9.85,540.59
17:27,26.78,55.81,0.65,9.7,771.36
17:28,34.75,66.31,0.22,3.62,735.12
17:29,33.37,75.49,1.61,5.31,646.16
17:30,26.47,40.25,0.17,4.43,419.49
17:31,28.6,56.48,2.3,6.27,850.63
17:32,28.46,56.06,3.13,7.44,315.41
17:33,29.76,43.18,1.85,9.79,540.77
17:34,27.75,66.69,1.91,1.62,777.31
17:35,28.84,78.35,0.96,9.8,850.44
17:36,26.7,41.83,2.94,9.39,496.13
17:37,25.14,58.44,4.08,4.69,564.98
17:38,29.86,77.28,0.27,7.68,872.25
17:39,30.82,67.7,3.83,1.3,434.75
17:40,34.82,54.71,2.19,4.88,853.59
17:41,38.87,70.7,4.38,2.1,644.8
17:42,31.6,73.12,1.57,3.15,842.48
17:43,31.29,54.78,2.54,9.85,854.28
17:44,39.32,75.13,4.29,3.02,599.13
17:45,26.95,47.99,1.87,2.61,847.09
17:46,32.18,61.69,4.18,9.48,537.96
17:47,33.77,50.68,3.18,1.65,821.25
17:48,26.14,78.51,0.57,7.99,788.8
17:49,27.78,49.94,4.16,5.69,671.46
17:50,28.66,70.99,4.08,2.61,655.33
17:51,31.8,53.5,4.96,1.35,825.97
17:52,35.31,51.78,2.05,6.6,881.18
17:53,34.74,54.05,2.66,1.85,693.75
17:54,28.98,42.6,4.46,5.21,442.25
17:55,35.6,52.64,3.37,3.93,327.08
17:56,34.48,68.94,0.36,2.32,403.12
17:57,35.46,55.41,2.25,3.94,585.9
17:58,39.26,55.61,2.49,6.13,459.38
17:59,34.04,67.81,1.95,6.77,603.94
18:00,31,51.21,5,9.96,829.39
18:01,39.24,64.79,1.47,8.6,893.41
18:02,33.31,56.57,2.03,1.7,371.1
18:03,35.06,71.29,4,2.76,644.97
18:04,28.39,66.54,2.64,4.58,788.06
18:05,34.32,62.46,3.27,7.2,691.5
18:06,31.14,44.86,3.99,8.74,318.54
18:07,33.72,76.13,2.17,2.75,346.3
18:08,30.81,51.14,0.9,3.1,876.14
18:09,34.66,51.72,3.16,7.16,512.9
18:10,39.63,63.13,0.22,5.07,415.1
18:11,34.8,64.42,1.66,1.37,319.9
18:12,31.95,61.47,2.8,5.45,873.78
18:13,33.71,73.12,3.28,2.06,649.01
18:14,29.93,53.04,3.24,7.34,747.89
18:15,36.03,69.75,1.05,7.08,758.91
18:16,36.65,51.21,2.94,7.14,838.41
18:17,29.52,48.58,0.16,5.8,411.61
18:18,34.39,74.13,0.66,8.64,427.77
18:19,33.99,76.34,0.03,6.6,363.4
18:20,35.38,46.81,3.06,5.65,430.66
18:21,33.21,68.05,4.7,4.31,432.02
18:22,38.87,43.02,4.48,1.29,715.8
18:23,25.64,45.5,0.76,4.42,353.19
18:24,35.77,68.44,3.98,8.58,500.28
18:25,28.02,45.1,3.89,6.34,792.29
18:26,36.14,65.71,4.86,9.24,813.93
18:27,34.77,56.06,1.02,9.65,532.63
18:28,26.84,78.89,2.34,2.9,786
18:29,35.9,72.15,4.17,8.44,571.93
18:30,25.64,40.65,4.17,2.48,714.23
18:31,28.05,42.76,0.74,9.28,587.7
18:32,38.82,79.37,2.76,2.43,301.37
18:33,26.15,50.35,3.43,9.93,310.01
18:34,27.48,49.91,1.47,8.2,555.29
18:35,34.7,51.05,2.5,1.78,652.31
18:36,32.07,49.41,3.99,2.82,361.05
18:37,27.53,75.21,3.65,5.11,840.58
18:38,36.67,50.08,2.13,5.45,720.71
18:39,31.56,76.63,2.28,7.7,857.14
18:40,38.14,40.49,2.47,6.27,856.61
18:41,28.67,63.08,3.07,2.86,548.39
18:42,33.24,67.5,1.85,8.64,759.39
18:43,39.56,59.44,1,2.53,356.27
18:44,34.92,73.65,1.47,1.61,524.31
18:45,38.56,69.28,0.85,1.27,598.92
18:46,34.41,51.99,3.4,9.4,730.4
18:47,36.51,79.61,1.78,8.03,381.2
18:48,27.88,76.88,2.17,6.99,878.68
18:49,31.49,55.82,3.9,3.14,647.52
18:50,39.97,43.29,2.44,5.69,791.22
18:51,38.83,59.35,1.82,4.72,407.55
18:52,29.4,49,1.46,1.21,597.84
18:53,37.58,64.6,4.66,7.76,346.16
18:54,28.02,49.7,4.75,7.25,428.08
18:55,33.53,52.14,1.09,4.23,708.46
18:56,35.53,56.1,4.62,3.5,684.86
18:57,38.07,54.58,0.47,4.17,362.55
18:58,35.81,41.97,3.15,8.29,837.19
18:59,33.59,41.44,3.09,4.15,301.61
19:00,34.26,55.7,3.98,6.59,757.6
19:01,35.97,74.29,2.04,6.13,528.57
19:02,39.54,44.51,4.3,2.83,735.45
19:03,39.52,48.92,2.61,2.63,899.28
19:04,30.91,75.76,3.15,3.91,581.33
19:05,29.38,77.39,3.38,8.22,502.82
19:06,35.29,65.33,3.87,7.21,412.82
19:07,28.06,66.58,3.09,3.12,724.1
19:08,32.25,62.62,4.12,4.2,422.51
19:09,28.12,74.99,3.93,5.62,747.53
19:10,34.55,45.52,4.67,5.36,845.28
19:11,30.56,40.97,1.72,5.72,834.21
19:12,39.65,68.63,3.95,7.23,480.92
19:13,28.54,55.59,0.32,5.85,471.93
19:14,30.03,75.26,0.33,6.51,791.25
19:15,33.62,42.48,3.53,2.5,831.9
19:16,27.16,48.4,0.36,2.94,545.61
19:17,31.02,44.73,0.06,2.65,471.71
19:18,32.28,51.53,1.54,8.18,425.85
19:19,25.32,49.83,4.47,3.8,684.82
19:20,36.54,45.76,0.98,2.16,895.57
19:21,35.04,62.7,3.8,1.86,850.44
19:22,39.36,70.48,4.49,8.45,843.17
19:23,37.93,63.52,1.86,7.56,555.81
19:24,36.58,63.04,3.36,8.59,647.35
19:25,25.79,77.66,4.42,6.38,897.13
19:26,32.95,73.45,2.19,1.36,888.89
19:27,31.43,49.85,0.3,2.41,775.4
19:28,25.92,78.96,2.32,7.4,402.94
19:29,38.36,42.64,1.17,7.71,739.55
19:30,38.35,49.71,2.24,4,467.24
19:31,37.48,63.98,4.97,9.33,849.56
19:32,30.67,54.8,2.32,3.3,383.88
19:33,32.32,59.45,4.71,9.95,725.26
19:34,27.66,56.86,2.82,5.92,426.87
19:35,32.86,52.32,3.18,2.9,415.06
19:36,25.99,42.51,3.21,5.23,580.1
19:37,39.84,43.54,0.06,3.96,765.47
19:38,29.35,50.55,1.64,2.66,613.18
19:39,30.96,59.37,1.4,9.88,779.16
19:40,35.65,71.35,1.19,2.27,563.18
19:41,34.56,78.14,4.41,3.18,396.72
19:42,29.53,40.36,4.32,6.64,884.9
19:43,29.77,40.34,0.72,5.68,720.98
19:44,28.12,69.27,0.61,8.06,629.02
19:45,33.7,73.21,0.23,2.62,626.32
19:46,38.18,64.02,2.78,7.22,483
19:47,30.2,78.95,4.56,3.55,401.16
19:48,38.04,76.31,4.53,1.78,561.31
19:49,36.67,59.33,1.53,4.65,778.44
19:50,32.03,72.63,1.64,2.34,536.51
19:51,29.24,49.83,0.55,2.74,332.37
19:52,31.81,44.98,4.18,7.26,859.67
19:53,29.86,47.75,1.31,2.76,752.36
19:54,30.71,79.2,1.99,6.69,512.48
19:55,25.14,52.93,0.8,5.31,350.61
19:56,33.54,72.8,0.11,4.52,450.09
19:57,31.53,69.39,3.06,6.94,687.14
19:58,39.1,64.01,2.67,9.72,657.23
19:59,37.69,62.05,4.46,5.39,311.57
20:00,33.54,60.94,4.95,8.68,359.66
20:01,37.65,76.63,3.1,2.54,638.51
20:02,34.77,62.32,2.77,2.57,629.31
20:03,37.03,79.15,4.23,4.92,558.29
20:04,37.12,60.09,2.01,5.69,855.24
20:05,35.19,41.56,3.18,7.11,588.06
20:06,29.66,49.1,3.75,1.07,405.31
20:07,37.27,52.26,2.3,8.24,892.79
20:08,33.32,76.16,3.54,3.71,309.44
20:09,38.23,55.4,2.36,7.49,494.89
20:10,28.77,69.37,1.28,7.54,370.04
20:11,35.61,70.62,4.23,7.22,378.3
20:12,28.14,43.72,2.44,7.03,779.46
20:13,36.68,56.52,0.72,4.1,529.04
20:14,34.64,60.46,2.12,5.14,895.44
20:15,34.56,68.25,4.6,8.36,711.24
20:16,35.57,62.51,3.32,6.77,526.18
20:17,35.19,46.37,2.92,8.49,526.6
20:18,32.44,76.74,4.41,8.04,772.77
20:19,34.33,55.46,3.44,1.35,331.73
20:20,39.02,69.72,4.78,9.71,323.67
20:21,28.95,50.39,0.13,9.75,633.17
20:22,30.39,53.05,3.46,4.63,885.79
20:23,33.81,57.63,0.23,5.13,489.27
20:24,29.45,58.52,1.34,8.4,633.62
20:25,30.04,43.82,4.27,2.08,887.13
20:26,31.08,62.56,2.24,8.44,734.06
20:27,30.7,42.33,1.21,7.93,554.96
20:28,26.32,70.72,2.55,7.74,696.89
20:29,32.24,70.79,3.78,4.59,653.61
20:30,28.79,77.5,0.18,4.85,538.06
20:31,27.89,48.33,1.66,4.84,713.29
20:32,26.08,54.47,2.34,4.43,372.84
20:33,33.01,63.38,3.63,9.58,786.57
20:34,31.91,72.63,3.89,6.13,631.27
20:35,31.67,79.86,0.21,3.68,870.92
20:36,35.89,61.28,0.9,8.61,689.22
20:37,29.28,55.24,2.54,3.19,495.12
20:38,35.29,60.06,0.81,4.29,826.43
20:39,32.79,55.83,4.47,6.09,800.58
20:40,32.08,61.37,3.62,6.18,510.99
20:41,35.3,62.27,5,6.43,735.02
20:42,25.66,44.65,4.66,4.4,455
20:43,36.35,67.42,1.48,5.12,614.75
20:44,31.32,66.97,3.77,1.33,358.17
20:45,27.93,63.48,3.01,4.63,423.12
20:46,38.77,66.63,3.06,5.76,549.5
20:47,25.03,65.48,1.36,3.17,496.92
20:48,35.33,46.63,2.65,2.1,569.09
20:49,34.96,73.9,2.9,7.13,756.12
20:50,37.14,63.95,2.84,5.93,367.17
20:51,37.81,68.92,3.18,6.04,374.47
20:52,32.72,75.28,2.18,7.56,665.2
20:53,26.58,73.82,3.55,2.31,800.83
20:54,34.63,44.8,2.98,8.91,377.18
20:55,38.46,49.53,2.91,7.17,613.76
20:56,38.74,40.2,3.73,7.21,319.04
20:57,36.53,71.53,3.88,2.45,757.24
20:58,30.06,49.43,3.82,1.46,303.29
20:59,39.85,49.54,3.86,5.58,444.1
21:00,32.36,75.57,0.8,9.24,549.94
21:01,39.26,62.04,3.63,3.96,310.44
21:02,26.99,56.77,0.36,8.33,831.32
21:03,31.47,51.92,1.34,9.74,577.71
21:04,36.93,58.23,0.53,9.27,473.37
21:05,39.83,72.03,0.89,5.46,573.48
21:06,38.83,50.99,3.23,2.51,396.61
21:07,29.97,49.41,1.01,1.02,827.94
21:08,33,72.92,1.52,2.46,842.55
21:09,34.47,65.27,4.29,8.36,727.86
21:10,35.72,44.02,3.31,2.68,654.47
21:11,33.46,46.2,2.97,6.83,556.32
21:12,28.95,70.48,3.57,4.78,814.62
21:13,29.02,47.7,1.7,3.87,640.86
21:14,33.72,61.52,4.18,6.64,804.64
21:15,38.62,46.54,4.49,7.11,580.09
21:16,28.48,74.96,1.62,1.8,647.93
21:17,27.96,53.02,3.77,9.85,482.22
21:18,38.83,54.17,4.71,6.66,336.71
21:19,30.67,74.94,1.15,8.81,748.57
21:20,37.71,56.29,0.06,5.2,484.59
21:21,25.64,54.02,0.28,3.74,656.42
21:22,25.74,72.35,3.45,3.56,627.38
21:23,29.09,52.45,4.96,8.83,612.3
21:24,27.26,50.72,1.5,2.6,521.26
21:25,25.74,60.81,1.48,2.21,721.45
21:26,37.37,75.18,1.23,9.62,422.01
21:27,28.11,69.38,2.79,2.34,362.86
21:28,36.24,54.27,4.12,6.09,599.44
21:29,26.82,68.15,1.6,5.53,336.62
21:30,28.24,79.59,2,9.08,421.16
21:31,38.76,74.08,3.8,8.39,557.78
21:32,34.2,76.3,2.4,4.01,488.84
21:33,30.96,78.1,2.62,5.04,738.83
21:34,27.39,46.22,0.56,3.51,324.95
21:35,25.41,63.52,4.83,2.79,630.32
21:36,35.75,68.51,0.45,3.16,898.41
21:37,35.75,53.84,4.68,4.12,409.26
21:38,35.27,56.47,2.73,4.11,643.66
21:39,38.74,66.63,3.12,1.78,572.51
21:40,34.29,75.68,2.05,9.3,581.52
21:41,35.77,57.44,3.52,9.01,626.01
21:42,38.67,40.31,0.43,5.69,666.85
21:43,38.05,66.93,4.18,4.33,709.03
21:44,33.88,52.16,4.93,4.7,644.88
21:45,25.43,76.68,2.76,4.56,598.58
21:46,39.88,56.61,0.78,9.98,379.24
21:47,38.1,50.23,3.83,4.05,440.59
21:48,35.67,63.97,1.88,2.68,508.26
21:49,30.66,50.64,3.16,3.69,853.34
21:50,28.97,79.64,0.42,6.22,556.22
21:51,33.54,63.06,2.46,5.2,884.67
21:52,31.31,47.79,0.74,9.67,690
21:53,26.58,42.84,0.98,4.95,856.79
21:54,35.94,61.87,0.8,4.43,452.72
21:55,37.19,51.72,0.36,3.66,779.96
21:56,30.58,40.83,0.06,6.03,885.42
21:57,25.32,75.51,4.92,9.73,870.05
21:58,30.78,78.73,4.56,6.81,843.69
21:59,37.98,42.66,4.66,3.76,571.84
22:00,35.41,52,4.87,3.4,530.66
22:01,35.09,48.35,3.63,6.88,370.58
22:02,30.03,55.93,4.32,6.88,848.2
22:03,35.45,72.97,3.53,6.14,720.33
22:04,31.52,62.39,4.13,1.26,499.27
22:05,28.43,72.75,2.46,3.51,690.03
22:06,31.36,53.12,4.57,1.59,365.24
22:07,32.08,51.71,0.51,3.4,617.94
22:08,35.42,79.69,4.13,8.14,687.5
22:09,28.42,58.18,0.53,7.71,629.54
22:10,36.87,60.71,4.86,5.6,755.51
22:11,26.05,58.45,4.69,4.71,658.8
22:12,30.65,45.74,2.97,3.73,422.98
22:13,38.01,71.78,0.45,8.48,727.71
22:14,28.63,45.85,3.23,5.98,430.55
22:15,37.86,56.85,0.63,5.65,795.65
22:16,39.72,64.29,3.28,4.49,894.99
22:17,26.81,68.35,2.45,2.96,835.12
22:18,29.87,76.41,3.39,6.17,662.46
22:19,25.05,62.76,3.15,4.73,840.78
22:20,38.15,77.55,0.74,3.66,313.25
22:21,34.71,55.68,0.24,9.74,471.57
22:22,39.02,66.55,1.14,2.23,559.09
22:23,35.38,42.8,3.09,7.78,389.32
22:24,28.48,66.16,3.42,6.34,679.56
22:25,32.67,68.7,3.44,9.59,496.05
22:26,25.17,69.25,2.15,1.34,471.8
22:27,33.2,64.16,3.89,6.8,702.79
22:28,29.65,64.6,2.7,2.52,806.36
22:29,35.45,54.76,1.13,2.19,392.17
22:30,30.71,66.54,1.11,4.78,635.58
22:31,35.92,42.39,1.46,4.98,718.78
22:32,37.33,77.62,1.54,4.18,592.65
22:33,36.19,58.09,4.67,3.92,812.75
22:34,36.77,73.08,4.32,5.11,750.47
22:35,38.49,59.27,0.15,2.92,751.03
22:36,31.01,73.4,0.82,8.31,866.48
22:37,32.53,42.44,2.63,5.58,848.01
22:38,33.93,77.2,2.76,9.1,332.87
22:39,38.2,76.51,4.2,5.95,650.55
22:40,38.95,68.29,2.89,5.17,519.46
22:41,30.73,67.38,1.61,8.67,657.16
22:42,32.77,52.7,4.46,8.17,545.17
22:43,30.03,61.66,3.74,5.27,386.08
22:44,34.88,76.61,2.93,3.87,379.98
22:45,36.94,42.73,4.44,9.36,497.14
22:46,31.73,73.14,0.23,9.97,345.26
22:47,25.54,72.13,0.45,2.8,533.01
22:48,38.9,43.05,1.74,9.57,859.76
22:49,39.47,61.12,0.89,4.67,692.7
22:50,35.01,46.74,4.03,4.03,691.41
22:51,32.51,60.86,4.57,2.12,389.15
22:52,26.11,56.39,1.47,4.71,326
22:53,37.1,49.86,2.22,8.39,675.72
22:54,33.8,66.77,0.3,6.85,601.79
22:55,31.21,64.24,3.67,9.23,537.07
22:56,29.65,76.59,1.67,9.33,670.17
22:57,36.74,52.33,0.07,4.77,576.43
22:58,38.16,70.16,1.94,8.47,319.16
22:59,39.1,62.19,2.38,9.62,463.29
23:00,34.49,76.99,4.53,5.47,772.8
23:01,25.37,42.54,0.98,2.64,452.87
23:02,39.41,69.44,1.96,1.05,649.89
23:03,31.89,41.18,1.85,1.7,637.73
23:04,34.4,73.23,1.27,8.04,812.67
23:05,26.19,58.45,0.9,7.19,633.01
23:06,27.64,75,1.98,7.45,723.68
23:07,39,79.24,1.99,5.03,306.28
23:08,35,42.12,0.99,2.74,598.95
23:09,33.82,48.68,4.49,9.72,781.4
23:10,35.48,68.41,2.69,5.29,756.25
23:11,33.14,77.62,3.14,3.23,609.69
23:12,38.76,49.57,1.04,4.26,895.34
23:13,34.22,53.95,4.64,8.39,892.43
23:14,31.98,47.55,2.29,8.08,384.84
23:15,33.28,68.7,0.01,2.32,440.41
23:16,29.29,69.12,3.93,1.14,885.62
23:17,27.14,72.05,4.05,6.05,503.63
23:18,26.11,76,1.45,3.8,700.59
23:19,38.6,76.18,4.85,9.08,392.26
23:20,38.11,40.36,1.05,2.32,447.95
23:21,36.11,79.11,1.92,9.1,331.43
23:22,39.86,44.32,1.24,9.51,603.39
23:23,38.67,55.9,2.19,1.71,694.98
23:24,35.3,59.47,4.28,2.21,668.51
23:25,35.14,43.69,1.28,3.04,384.44
23:26,39.92,59.05,4.28,2.31,375.61
23:27,32.15,69.15,1.48,4.12,336.94
23:28,34.66,75.23,0.94,6.87,370.24
23:29,26.92,49.75,0.14,6.97,850.77
23:30,31.94,50.22,0.91,3.45,572.09
23:31,33.5,70.43,0.71,4.42,880.08
23:32,26.71,52.93,2.87,4.07,312.29
23:33,30.35,52.54,4.32,5.6,566.19
23:34,26.57,49.28,4.66,2.14,746.51
23:35,26.56,60.47,2.54,7.68,703.77
23:36,26.81,52.96,1.83,1.89,567.51
23:37,32.95,51.42,3.06,9.44,810.05
23:38,29.47,72.11,4.27,6.27,724.65
23:39,27.04,55.75,1.17,7.57,778.89
23:40,34.5,57.67,3.25,6.83,607.88
23:41,25.29,47.53,3.76,1.07,730.48
23:42,30.62,42.93,0.91,7.11,430.22
23:43,26.93,73.82,2.96,2.09,512.33
23:44,25.4,51.13,3.26,3.22,412.04
23:45,26.9,59.28,0.11,6.85,363.15
23:46,25.42,56.53,2.13,9.65,767.9
23:47,39.6,52.29,1.45,4.2,365.21
23:48,32.75,76.8,1.4,5.89,727.92
23:49,30.73,50.3,0.11,3.21,387.91
23:50,26.05,43.47,2.06,5.4,780.63
23:51,29.16,63.44,3.09,2.32,398
23:52,27.33,64.26,1,1.97,568.05
23:53,29.73,60.06,0.79,5.28,687.52
23:54,25.82,78.85,4.69,3.14,827.93
23:55,39.62,64.86,0.41,7.22,886.98
23:56,33.52,74.33,2.36,3.19,896.44
23:57,35.8,54.82,3.62,6.26,826.29
23:58,32.09,42.05,4.73,8.34,442.28
23:59,33.01,41.4,4.81,5.28,494.29
00:00,39.45,42.93,0.79,7.57,580.2
00:01,39,75.36,2.74,5.54,404.74
00:02,30.93,50.15,0.59,6.44,526.74
00:03,37.74,69.07,1.38,1.26,854.39
00:04,28.57,49.12,2.79,7.05,392.01
00:05,33.72,51.63,3.66,2.23,624.79
00:06,31.74,68.08,4.53,5.89,677.97
00:07,35.44,50.59,4.77,9.25,575.63
00:08,35.49,77.56,3.29,3.66,338.45
00:09,38.35,56.3,4.78,1.38,337.93
00:10,35.3,63.74,4.88,7.8,450.76
00:11,34.88,69.5,3.68,9.14,860.96
00:12,27.97,52.61,3.42,2.96,657.61
00:13,34.16,43.81,1.62,5.83,519.89
00:14,31.83,54.32,2.46,6.76,450.95
00:15,29.16,43.65,0.88,2.63,339.33
00:16,25.64,47.89,1.87,5.87,813.89
00:17,38.87,70.31,2.82,6.16,866.89
00:18,28.02,41.31,3.07,8.59,711.06
00:19,30.61,75.8,2.41,10,346.89
00:20,28.07,53.39,1.28,8.75,831.9
00:21,30.08,49.45,1.69,2.76,807.29
00:22,27.2,59.35,4.96,1.42,328.85
00:23,26.73,41.17,4.42,3.46,846.15
00:24,34.89,45.95,4.98,9.49,664.75
00:25,36.09,46.55,0.15,9.34,852
00:26,27.09,69.25,4.78,3.14,848.15
00:27,34.51,54.82,4.72,6.65,649.7
00:28,37.56,57.61,2.52,4.99,895.7
00:29,38.36,75.71,3.17,8.36,514.04
00:30,26.29,79.93,2.22,2.92,436.83
00:31,26.47,75.39,2.26,8.95,851.9
00:32,30.98,76.68,4.69,5.1,317.46
00:33,35.97,57.39,3.08,6.64,824.94
00:34,34.57,49.86,0.93,3.61,391.13
00:35,38.91,64.35,3.9,9.63,376.79
00:36,39.48,64.74,3.93,8.37,542.65
00:37,25.96,60.73,1.82,3.86,810.73
00:38,30.31,51.72,3.1,9.17,896.45
00:39,35.4,46.93,1.22,1.02,893.64
00:40,32.86,57.41,0.42,5.76,613.08
00:41,39.53,66.66,1.61,9.38,863.84
00:42,28.95,42.02,0.34,1.26,335.03
00:43,33.87,61.21,1.47,9.18,368.85
00:44,25.38,71.46,2.19,7.09,308.21
00:45,25.58,79.76,4.38,1.34,875.24
00:46,37.7,58.84,2.79,3.52,451.57
00:47,32.5,67.65,1.05,8.9,856.44
00:48,27.83,41.6,0.29,6.9,597.16
00:49,35.62,41.1,1.29,4.71,505.14
00:50,27.77,79.3,2.86,6.64,740.87
00:51,26.59,71.62,1.49,5.14,818.05
00:52,28.39,48.47,4.82,1.27,372.61
00:53,38.2,56.75,4.52,3.9,385.3
00:54,27.7,54.41,2.17,1.87,711.7
00:55,30.68,43.96,1.16,7.96,881.04
00:56,36.23,57.95,0.69,3.86,546.89
00:57,31.43,43.1,3,5.86,739.39
00:58,35.44,79.28,3.43,1.58,547.18
00:59,34.8,66.02,0.66,3.59,404.67
01:00,31.53,71.01,0.33,6.43,631.37
01:01,34.33,44.39,1.01,3.09,377.74
01:02,37.65,60.04,1.15,9.23,881.19
01:03,36.2,70.88,1.03,2.19,477.54
01:04,37.18,53.51,0.54,6.23,301.66
01:05,32.27,66.81,0.65,5.4,576.76
01:06,26.19,55.2,0.68,8.64,480.02
01:07,35.57,65.61,0.85,9.32,814.14
01:08,32.43,76.43,4.6,3.52,616.45
01:09,37.58,40.04,0.86,4.82,716.4
01:10,27.65,66.35,2.25,9.71,630.49
01:11,37.97,71.98,1.92,2.5,309.98
01:12,26.99,67.63,1.63,3.16,439.48
01:13,27.79,54.57,4.3,4.43,841.19
01:14,31.71,58.21,3.13,3.08,660.67
01:15,30.18,55.41,3.47,4.45,600.74
01:16,37.56,59.87,4.33,7.26,711.3
01:17,34.64,44.37,3.63,2.74,387.76
01:18,37.83,51.9,3.25,9.61,809.18
01:19,39.72,71.15,3.39,5.4,354.28
01:20,35.49,62.86,0.7,4.4,410.6
01:21,29.86,57.92,4.6,8.8,786
01:22,25.58,63.27,4.67,7.53,668.38
01:23,37.88,53.22,3.45,2.34,633.93
01:24,31.88,42.07,4.16,1.62,728.42
01:25,35.02,59.21,1.64,3.11,328.47
01:26,37.12,58.25,0.66,3.98,501.54
01:27,35.63,45.75,1.46,7.19,465.84
01:28,29.24,62.44,1.28,6.17,606.7
01:29,30.58,71.58,1.35,5.75,350.78
01:30,30.24,61.97,4.38,4.52,648.49
01:31,35.82,55.31,0.5,9.32,328.85
01:32,37.34,73.25,1.35,9.69,719.39
01:33,37.87,71.17,2.37,2.93,684.85
01:34,29.47,68.08,1.82,3.8,481.1
01:35,26.19,68.34,0.3,4.78,577.87
01:36,31.47,44.35,4,5.61,873.63
01:37,32.57,59.56,0.51,2.55,367.4
01:38,33.02,75.71,2.03,3.61,398.65
01:39,30.66,46.72,4.16,7.94,643.47
01:40,38.79,47.96,0.02,4.65,635.29
01:41,28.89,53.54,3.72,9.29,431.32
01:42,29.99,42.98,1.87,9.45,760.83
01:43,30.82,63.84,3.32,4.2,596.54
01:44,28.85,60.22,0.32,3.79,852.47
01:45,34.77,46.67,4.5,8.84,826.1
01:46,31.43,47.7,2.05,9.89,557.62
01:47,29.32,74.12,1.29,8.25,572.55
01:48,36.31,48.19,1.51,9.25,590.74
01:49,38.17,59.9,3.32,6.96,706.82
01:50,26.58,53.66,2.23,2.14,470.5
01:51,30.22,60.54,1.88,7.1,575.26
01:52,27.96,48.07,3.41,5.57,525.61
01:53,39.79,61.94,3.65,9.28,358.35
01:54,32.01,43.82,1.99,6.9,553.86
01:55,39.05,64.55,1.48,6.04,606.53
01:56,26.86,62.84,1.02,2.07,338.11
01:57,27.34,48.8,2.09,3.19,405.66
01:58,26.66,58.78,3.36,7.07,419
01:59,25.29,78.66,3.18,3.18,828.57
02:00,36.76,41.48,4.8,8.78,411.02
02:01,33.9,68.27,2.83,1.82,422.46
02:02,34.7,75.09,4.65,8.94,625.96
02:03,36.28,52.46,4.22,8.81,330.2
02:04,38.8,68.33,2.52,6.41,509.37
02:05,34.87,45.71,2.9,6.23,879.29
02:06,37.35,46.12,3.61,6.93,674.07
02:07,35.26,70.27,0.01,5.19,532.91
02:08,31.99,70.8,4.39,1.3,841.87
02:09,38.36,68.39,4.29,7.58,781.24
02:10,39.26,74.95,2.46,4.1,695.26
02:11,29.1,48.67,1.71,8.15,897.88
02:12,38.15,78.42,0.07,5.9,366.65
02:13,31.65,77.53,1.66,8.69,543.06
02:14,36.12,64.54,2.15,9.65,363.21
02:15,38.39,76.6,2.01,1.44,535.83
02:16,28.02,73.75,0.1,3.07,350.09
02:17,36.74,63.36,2.43,9.08,899.88
02:18,31.33,73.87,4.44,7.76,773.78
02:19,30.55,52.02,0.48,2.52,314.14
02:20,36.43,55.05,3.56,6.95,573.73
02:21,26.57,67.63,1.22,7.96,856.87
02:22,34.38,78.22,0.5,7.92,421.6
02:23,28.46,45.59,0.27,1.95,837.86
02:24,38.09,44.87,1.25,1.3,740.31
02:25,35.86,42,4.32,4.14,788.35
02:26,28.71,73.62,0.63,2.94,804.37
02:27,31.29,54.79,2.1,6.82,651.63
02:28,39.33,53.54,4.98,7.76,794.92
02:29,29,49.4,0.88,1.76,679.02
02:30,32.68,43.9,0.19,8.61,555.53
02:31,39.78,63.55,4.95,8.51,585.35
02:32,35.7,48.97,2.49,3.1,466.51
02:33,33.73,79.33,3.9,7.53,836.44
02:34,33.41,61.9,0.23,4.81,795.4
02:35,32.12,79.91,2.81,9.08,448.09
02:36,35.77,55.33,1.24,6.63,675.81
02:37,29,58.99,2.51,1.8,795.45
02:38,32.43,72.68,2.01,7.7,517.6
02:39,30.51,75.03,2.64,2.28,526.79
02:40,26.23,59.83,2.76,2.05,857.49
02:41,38.02,55.36,0.41,1.15,357.24
02:42,39.7,69.88,2.79,2.15,438.76
02:43,35.79,43.82,3.28,1.71,887.92
02:44,34.56,65.89,0.65,3.25,517.64
02:45,33.3,59.57,3.82,4.95,454.91
02:46,33.51,48.54,2.03,1.43,457.56
02:47,35,56,2.84,7.48,891.03
02:48,25.06,73.21,3.23,5.11,671.93
02:49,33.5,62.88,4.52,8.06,782.47
02:50,31.09,71.12,1.89,8.69,852.68
02:51,38.44,40.39,4.54,2.32,465.84
02:52,39.74,68.76,2.36,1.51,755.72
02:53,28.22,40.67,3.47,4.14,609.45
02:54,27.66,63.15,2.06,2.77,488.69
02:55,26.26,49.62,4.03,9.13,694.98
02:56,31.47,76.82,2.78,1.14,436.14
02:57,31.64,58.87,4.96,9.29,459.75
02:58,36.93,51.81,3.47,1.33,785.65
02:59,32.56,78.06,0.75,3.74,744.65
03:00,31.8,75.6,0.95,5.1,402.36
03:01,34.97,73.86,0.78,9.72,741.34
03:02,27.59,48.04,0.8,9.92,388.46
03:03,30.53,47.42,4.83,2.79,817.42
03:04,28.52,78.34,2.54,9.27,337.84
03:05,25.37,61.57,0.11,2.22,855.16
03:06,26.77,46.75,0.64,6.48,571.63
03:07,25.44,43.66,2.13,3.89,560.31
03:08,29.41,54.05,0.92,8.55,383.13
03:09,31.55,74.5,0.06,6.01,708.33
03:10,38.19,72.77,0.11,4.52,606.58
03:11,28.38,62.84,3.31,6.81,743.66
03:12,34.84,77.86,1.48,9.92,809.95
03:13,33.9,66.25,2.41,9.77,502.41
03:14,34.85,69.22,3.76,9.13,408.74
03:15,39.87,55.8,4.63,1.11,635.68
03:16,34.58,73.87,3.65,8.06,416.4
03:17,34.63,63.49,1.27,1.46,319.6
03:18,37.16,69.38,0.54,9.83,701.01
03:19,34.87,47.4,4.05,4.52,701.22
03:20,33.38,57.71,1.86,7.5,555.28
03:21,25.26,59.8,0.04,6.07,755.03
03:22,29.3,40.01,4.73,2.67,371.16
03:23,37.49,69.06,3.27,1.91,585.31
03:24,38.22,60.23,2.74,2.79,770.94
03:25,39.83,64.36,0.1,8.63,467.83
03:26,33.1,69.66,0.25,2.13,886.37
03:27,28.45,42.17,3.45,5.95,673.01
03:28,31.95,58.63,0.89,7.88,529.16
03:29,33.25,76.2,1.68,6.28,463.17
03:30,28.13,53.93,2.61,9.22,750.65
03:31,35.14,43.94,1.24,9.39,334.75
03:32,32.71,77.44,3.5,7.78,341.68
03:33,27.78,70.27,0.69,9.27,788.12
03:34,37.23,68.75,3.51,3.51,782.09
03:35,36.69,65.13,1.42,5.78,892.51
03:36,34.67,50.69,0.85,7.43,691.66
03:37,30.79,56.9,3.88,5.56,563.26
03:38,37.39,78.26,1.69,3.33,780.3
03:39,36.57,69.04,0.75,6.48,859.31
03:40,37.05,76.7,1.1,6.93,871.57
03:41,33.54,69.19,2.87,6.9,871.13
03:42,38.68,71.28,3.55,6.48,861.85
03:43,30.51,64.84,1.48,8.85,840.52
03:44,25.58,55.02,3.88,2.08,650.83
03:45,39.21,51.87,2.62,9.93,797.93
03:46,34.22,56.04,3.63,2.26,833.27
03:47,25.56,42.67,3.49,8.92,356.32
03:48,25.24,54.99,1.29,8.9,873.09
03:49,30.11,74.3,0.41,9.57,415.6
03:50,31.15,50,0.4,2.27,430.76
03:51,29.39,76.4,0.93,2.64,475.73
03:52,36.87,72.16,2.9,3.02,556.2
03:53,25.08,43.03,3.8,7.72,592.45
03:54,25.67,59.33,2.86,1.53,596.14
03:55,36.76,53.71,4.33,2.23,549.61
03:56,34.79,55.71,4.3,2.31,863.09
03:57,26.44,74.12,1.56,4.57,861.95
03:58,34.12,44.03,2.38,6.08,781.68
03:59,31.1,61.29,2.96,2.55,715.9
04:00,31.68,73.88,2.59,7.18,725.41
04:01,38.17,64.75,1.92,2.34,715.27
04:02,34.74,51.58,3.99,9.8,656.54
04:03,25.53,49.44,3.27,7.81,773.36
04:04,25.72,70.88,1.69,3.77,753.04
04:05,32.33,47.17,4.11,7.5,887.25
04:06,26.81,51.71,3.73,6.57,844.69
04:07,30.91,76.79,3.82,4.47,610.23
04:08,29.41,43.49,1.97,9.27,402.59
04:09,35.45,53.82,4.13,4.27,407.01
04:10,33.02,53.71,4.42,8.08,773.35
04:11,31.11,52.57,4.03,7.23,591.31
04:12,25.09,43.04,4.73,2.94,775.55
04:13,38.25,71.69,4.73,5.33,353.3
04:14,27.41,48.93,1.18,3.59,686.27
04:15,27.93,79.44,1.26,1.61,330.62
04:16,38.42,44.55,1.11,8.28,782.13
04:17,36.47,78.01,3.7,4.02,581.09
04:18,38.48,45.68,3.41,1.39,548.68
04:19,28.97,69.09,2.65,4.06,511.65
04:20,26.15,77.88,4.05,3.4,878.57
04:21,33.57,53.26,2.72,3.5,531.42
04:22,36.59,61.54,2.17,3.32,448.8
04:23,33.87,47.51,4.62,6.77,771.2
04:24,30.67,65.88,2.56,4.51,503.15
04:25,39.41,73.79,1.39,10,393.62
04:26,29.08,68.43,4.12,6.29,510.34
04:27,25.49,58.99,0.41,8.85,823.41
04:28,27.45,56.85,0.07,1.42,592.7
04:29,27.06,51.56,2.22,7.05,886.66
04:30,39.74,64.95,3.56,8.53,493.3
04:31,26.09,73.34,0.12,4.83,859.9
04:32,31.11,77.39,4.23,4.42,579.34
04:33,39.17,78.84,0.15,3.52,854.62
04:34,29.2,59.37,0.82,1.92,892.07
04:35,25.7,73.87,4.98,8.63,546.08
04:36,29.68,60.55,1.55,7.68,413.12
04:37,33.15,71.19,3.11,7.97,336.64
04:38,27.17,71.16,4.36,8.17,506.83
04:39,36.43,46.42,3.06,9.55,467.05
04:40,26.52,70.56,4.76,7.56,422.84
04:41,36.21,45.89,3.12,9.01,896.18
04:42,31.47,78.43,1.97,1.39,684.16
04:43,27.68,79.57,4.36,1.61,401.06
04:44,28.76,46.95,2,2.82,324.49
04:45,35.78,60.93,2.29,1.52,373.71
04:46,30.26,69.1,4.26,1.91,743.77
04:47,27.64,79.32,1.55,8.32,634.32
04:48,33.61,55.18,1.3,3.21,826.39
04:49,31.85,48.46,1.86,8.22,802.94
04:50,26.3,43.74,1.97,7.45,516.5
04:51,26.96,57.17,1.57,5.18,615.38
04:52,28.46,69.51,0.15,4.03,396.55
04:53,26.58,60.55,0.33,1.34,586.53
04:54,30.32,46.66,2.45,4.49,475.87
04:55,34.39,59.65,3.21,3.74,503.56
04:56,28.19,66.96,1.5,3.72,450.53
04:57,39.22,56.97,2.43,7.95,882.61
04:58,25.2,72.5,0.45,7.06,334.63
04:59,25.53,47.35,0.31,3.83,601.77
05:00,36.25,50.53,1.02,4.87,716.72
05:01,30.34,48.44,0.09,2.77,381.95
05:02,35.14,51.73,2.84,8.32,831.51
05:03,36.15,44.07,1.37,6.63,619.41
05:04,31.48,64.24,4.31,4.21,681.9
05:05,37.42,62.35,3.93,6.87,316.85
05:06,29.79,66.64,0.75,5.92,419.12
05:07,29.49,44.84,2.19,7.83,352.84
05:08,30.77,67.2,2.82,5.05,767.92
05:09,33.32,76.76,4.46,2.8,329.22
05:10,34.81,57.63,0.35,1.49,836.49
05:11,35.49,63.76,2.77,4.9,797.55
05:12,39.03,69.65,2.59,5.89,403.44
05:13,37.97,58.16,4.93,6.98,747.14
05:14,26.79,61.37,0.56,5.55,881.67
05:15,32.45,52.48,4.69,6.1,871.37
05:16,28.98,42.23,1.04,8.73,747.17
05:17,31.47,63.91,2.79,5.61,881.32
05:18,39.71,74.16,1.93,5.19,793.19
05:19,35.53,50.5,3.41,8.82,457.57
05:20,36.96,68.26,1.75,9.82,309.04
05:21,33.49,68.74,2.09,7.02,894.99
05:22,30.61,50.48,3.2,4.05,416.15
05:23,35.22,46.29,1.78,8.33,547.5
05:24,38.82,53.6,3.26,4.03,433.53
05:25,26.22,43.83,1.34,9.72,896.19
05:26,32.06,55.82,1.93,9.04,418.92
05:27,35.42,72.91,1.43,9.41,741.74
05:28,29.25,46,2.12,2.81,497.15
05:29,35.69,78.53,1.59,5.7,725.09
05:30,28.92,50.88,4.21,1.38,820.85
05:31,38,67.8,0.84,6.5,676.23
05:32,30.18,58.31,4.35,2.48,865.56
05:33,39.29,60.5,1.55,2.19,305.17
05:34,32.24,41.68,2.51,3.73,781.59
05:35,37.36,69.14,4.06,6.64,885.4
05:36,27.3,48.32,4.59,2.25,343.45
05:37,30,71.14,4.84,2.45,479.53
05:38,25.98,77.33,3.18,8.68,401.71
05:39,34.04,40.54,1.32,2.3,333.82
05:40,27.14,58.51,3.3,6.8,755.43
05:41,39,45.95,4.76,5.74,356.38
05:42,32.8,71.51,0.74,6.85,720.39
05:43,34.75,59.57,3.24,1.9,894.52
05:44,35.32,77.98,4.67,2.41,423.4
05:45,26.33,44.78,0.55,6.01,530.31
05:46,26.93,48.78,2.34,4.53,870.78
05:47,32.02,78.45,3.84,6.3,380.58
05:48,28.66,71.71,3.64,8.23,301.91
05:49,38,44.34,1.11,6.78,841.07
05:50,27.34,69.17,1.09,3.67,895.49
05:51,29,46.57,1.83,4.73,593.24
05:52,25.94,76.37,2.23,3.66,799.4
05:53,27.96,60.89,4.04,7.96,685.72
05:54,37.92,48.46,4.49,6.26,356.14
05:55,34.3,50.18,1.19,3.49,462.7
05:56,31.7,57.49,2.23,5.77,476.84
05:57,34.78,67.3,2.29,1.59,665.54
05:58,35.39,55.8,3.73,9.36,651.9
05:59,34.81,58.89,4.41,1.13,309.67
06:00,38.37,62.92,2.07,8.3,869.66
06:01,26.44,40.13,1.66,9.35,511.31
06:02,31.86,41.71,2.67,6.74,307.55
06:03,35.3,72.42,2.34,5.45,397.71
06:04,28.06,59.16,2.26,4.66,821.55
06:05,27.07,72.07,3.98,2.64,513.89
06:06,31.49,65.85,4.79,9.99,607.07
06:07,34.25,42.96,1.41,3.43,369.96
06:08,30.62,78.77,0.51,6.28,440.9
06:09,36.52,68.8,4.48,2.66,568.73
06:10,36.53,41.22,1.89,4.53,872.61
06:11,38.22,57.8,1.18,1.27,550.44
06:12,27.53,71.84,0.13,1.22,765.57
06:13,30.28,55.63,3.39,2.53,576.79
06:14,28.24,57.87,0.95,6.63,886.42
06:15,38.96,42.81,4.35,4.09,540.56
06:16,33.38,51.57,2.64,3.73,744.54
06:17,35.78,79.32,1.63,1.08,737.24
06:18,27.96,67.97,2.84,2.96,518.97
06:19,33.09,64.88,4.92,1.27,744.35
06:20,35.44,53.5,4.32,1.27,666.92
06:21,33.47,40.77,0.54,1.98,570.89
06:22,29.07,67.96,3.56,7.54,690.9
06:23,37.6,41.9,3.92,5.94,574.87
06:24,31.13,63.77,3.97,6.46,502.27
06:25,31.21,64.14,2.71,5.89,463.27
06:26,36.42,56.17,0.97,6.14,559.75
06:27,25.66,49.74,1.43,6.73,847.45
06:28,26,48.2,1,2.07,561.15
06:29,35.42,77.32,1.62,7.05,512.66
06:30,28.69,74.27,0.03,9.23,331.34
06:31,34.82,66.29,2.55,1.54,650.03
06:32,26.31,48.71,2.42,1.02,875.45
06:33,36.6,54.49,0.42,3.61,615.92
06:34,26.25,47.82,1.43,5.19,388.17
06:35,34.3,76.55,3.37,2.22,760.52
06:36,25.19,69.38,4.6,5.51,385.43
06:37,32.11,51.09,0.82,5.75,370.93
06:38,36.26,41.67,4.9,5.82,758.87
06:39,30.17,74.37,4.1,4.82,345.25
06:40,32.17,63.64,1.5,3.49,656.56
06:41,38.27,58.33,2.28,1.6,672.64
06:42,28.89,42,1.66,2.27,337.29
06:43,29.22,73.88,3.98,6.98,709.71
06:44,38.38,62.32,2.77,1.29,340.17
06:45,25.85,56.74,4.9,6.03,730.04
06:46,29.75,56.25,0.9,4.59,478.24
06:47,36.14,49.41,2.05,8.31,787.62
06:48,25.08,64.26,3.52,8.05,600.16
06:49,36.08,44.92,1.28,4.14,555.24
06:50,30.16,65.95,1.65,4.79,573.33
06:51,37.19,77.47,4.46,5.22,655.85
06:52,31.52,72.08,2.8,6.78,615.33
06:53,30.96,41.39,3.65,9.11,613.89
06:54,26,63.38,4.62,9.83,835.96
06:55,26.85,72.48,0.1,2.77,361.05
06:56,31.29,67.83,4.52,1.74,648.4
06:57,33.07,42.22,0.21,7.83,384.4
06:58,35.24,67.18,2.75,8.75,385.14
06:59,35.69,49.69,3.7,9.65,899.3
07:00,37.88,62.11,2.55,9.48,503.4
07:01,31.15,68.78,0.41,7.26,693.41
07:02,33.43,56.38,4.52,2.65,444.12
07:03,33.34,56.6,0.3,1.07,707.24
07:04,38.21,58.47,4.96,3.82,311.81
07:05,35.75,78.5,1.75,3.15,849.64
07:06,33.51,52.02,1.87,2.21,798
07:07,36.63,79.45,0.26,9.36,568.37
07:08,39,49.42,3.75,3.78,522.63
07:09,27.82,63.74,0.71,3.39,496.29
07:10,32.31,42.8,3.45,3.64,621.31
07:11,39.37,60.37,2.64,2.59,511.11
07:12,32.09,43.51,3.66,6.09,434.04
07:13,32.99,78.77,4.83,3.97,643.23
07:14,39.7,70.79,4.75,9.79,485.19
07:15,26,58.11,2.63,4.87,530.17
07:16,31.38,57.43,0.28,8.69,395.42
07:17,35.44,60.81,1.44,1.93,658.08
07:18,31.48,68.52,2.13,6.78,859.44
07:19,32.47,73.08,0.43,3.08,563.96
07:20,38.86,67,0.74,3.47,408.44
07:21,33.4,63.42,4.12,9.04,483.46
07:22,33.85,77.82,0.79,2.41,557.99
07:23,34.99,40.51,4.2,3.03,506.52
07:24,30.66,78.06,4.85,7.52,490.51
07:25,33.34,75.28,4.88,6.68,843.16
07:26,26.07,40.26,4.35,8.51,807.19
07:27,34.32,78.95,1.58,5.05,415.3
07:28,34.76,63.86,0.97,4.4,318.22
07:29,28.24,44.94,1.12,4.2,785.46
07:30,37.23,76.91,2.64,4.35,551.11
07:31,28.7,56.89,0.71,1.84,812.14
07:32,36.42,53.43,2.63,4.07,826.16
07:33,30.29,49.15,4.09,1.37,670.17
07:34,36.18,58.99,0.63,7.41,617.43
07:35,25.79,61.58,1.51,7.46,898.49
07:36,35.82,56.57,1.91,2.45,794.22
07:37,37.13,56.26,0.24,9,731.51
07:38,32.68,49.84,2.35,3.18,484.89
07:39,36.52,57.7,3.75,3.77,694.86
07:40,25.06,77.4,2.97,4.24,484.16
07:41,33.59,74.65,3.79,9.49,438.67
07:42,38.57,41.29,3.35,4.11,475.68
07:43,39.33,69.55,3.16,8.58,721.5
07:44,26.35,55.13,4.31,2.57,632.53
07:45,39.84,63.28,1.25,2.73,512.73
07:46,25.96,78.58,3.01,3.56,437.94
07:47,37.77,66.41,3.26,7.44,391.87
07:48,36.06,51.22,1.84,7.46,641.67
07:49,35.53,75.38,1.04,6.63,600.42
07:50,26.7,69.77,0.38,2.77,502.17
07:51,26.31,55.51,4.24,7.02,416.01
07:52,35.58,68.27,4.02,5.32,607.63
07:53,29,71.95,1.04,2.64,409.41
07:54,30.7,70.63,4.34,1.01,822.99
07:55,37.55,43.25,3.04,1.98,559.32
07:56,28.63,53.84,0.62,8.48,854.77
07:57,33.5,44.05,4.86,5.63,898.58
07:58,37,64.6,3.95,8.48,748.65
07:59,35.11,77.45,2.03,8.74,444.25
08:00,28.53,64.32,0.82,9.63,699.81
08:01,29.14,73.11,2.58,4.04,640.41
08:02,30.88,67.8,0.48,4.11,888.33
08:03,26.59,55.9,1.92,5.34,467.98
08:04,34.35,46.1,0.97,9.17,364.89
08:05,27.04,68.41,4,2.51,585.78
08:06,39.58,63.15,4.49,1.13,394.77
08:07,29.98,67.61,2.44,6.75,428.83
08:08,26.67,78.28,3.96,1.45,839.05
08:09,30.6,57.56,3.21,9.59,333.4
08:10,39.93,72.5,2.81,4.45,458.35
08:11,32.83,46.17,3.29,9.01,819.6
08:12,29.94,61.36,4.6,8.94,326.83
08:13,32.4,58.07,4.45,3.4,866.64
08:14,26.06,76.81,0.87,7.84,455.46
08:15,29.49,59.82,1.76,1.96,344.24
08:16,30.78,41.81,0.58,6.01,634.13
08:17,31.26,45,3.47,6.07,879.05
08:18,30.08,47.42,2.62,1.21,621.48
08:19,39.15,42.74,4.45,4.02,865.83
08:20,31.87,79.9,3.7,7.62,302.25
08:21,31.92,79.01,4.54,2.75,622.87
08:22,37.33,75.85,1.35,5.38,367.61
08:23,36.81,68.12,0.25,7.36,648.93
08:24,29.65,77.12,4.47,4.56,828.18
08:25,30.8,72.31,2.9,6.49,314.21
08:26,25.97,53.19,1.37,3.04,484.7
08:27,25.12,78.85,3.27,4.13,779.01
08:28,31.37,73.96,1.11,8.68,630.27
08:29,30.57,55.5,4.52,4.75,325.46
08:30,39.07,77.58,2.1,2.38,763.9
08:31,36.9,45.19,4.39,9.37,598.21
08:32,28.79,41.85,3.46,3.84,636.19
08:33,34.91,55.7,1.4,1.58,835.95
08:34,26.24,62.5,2.35,2.27,456.22
08:35,38.84,59.26,0.93,9.54,692.38
08:36,27.47,45.94,3.9,4.63,472.61
08:37,39.93,66.84,0.18,5.07,387.61
08:38,31.09,61.89,2.01,6.29,640.12
08:39,30.11,73.12,0.29,4.32,605.21
08:40,38.69,67.95,2.29,5.93,312.68
08:41,30.51,50.57,1.27,8.98,772.36
08:42,26.46,49.5,0.38,9.71,556.56
08:43,35.51,50.14,1.39,2.72,877.38
08:44,25.48,42.58,0.23,8.9,819.95
08:45,38.71,70.26,4.1,8.58,326.9
08:46,38.55,62.16,0.15,5.39,617.67
08:47,27.53,66.06,0.35,2.84,763.81
08:48,30.72,62.23,2.15,4.59,470.68
08:49,35.02,58.87,0.95,1.14,589.39
08:50,32.28,64.67,1.39,5.61,713.17
08:51,36.9,77.79,3.37,1.67,421.48
08:52,37.89,45.43,2.33,8.06,651.26
08:53,38.8,76.09,0.72,8.3,871.29
08:54,38.22,76.28,0.08,3.96,687.49
08:55,35.34,70.42,4.94,3,350.46
08:56,26.7,62.99,0.76,1.05,500.33
08:57,32.89,52.13,4.02,9.46,354.47
08:58,38.66,61.44,3.31,5.89,502.25
08:59,32.35,79.11,1.77,1.64,454.66
09:00,36.83,41.37,0.41,9.56,660.38
09:01,30.67,47.68,2.81,1.96,510.74
09:02,26.12,75.86,1.15,2.35,650.35
09:03,28.89,53.81,3.81,9.34,882.32
09:04,33.87,64.87,3.84,8.76,866.1
09:05,26.45,68.1,4.94,9.69,365.16
09:06,27.95,47.65,2.78,7.22,579.67
09:07,37.23,74.14,1.41,8,320.68
09:08,35.97,44.61,4.09,9.01,693.66
09:09,26.48,40.48,3.35,8.31,317.35
09:10,32.7,60.44,3.61,4.09,593.04
09:11,37.96,68.62,4.13,1.55,623.39
09:12,39.59,65.65,2.91,8.77,444.78
09:13,26.86,65.22,0.03,1.81,869.08
09:14,32.65,62.73,1.63,6.66,617.32
09:15,30.82,52,2.13,6.92,543.85
09:16,26.1,65.28,2.26,4.62,719.59
09:17,27.23,74.77,0.45,3.62,421.61
09:18,39.69,52.95,0.84,9.5,591.89
09:19,33.91,58.83,0.72,2.15,857.14
09:20,34.96,55.14,3.92,1.97,702.74
09:21,29.86,63.94,2.12,9.77,486.17
09:22,26.35,57.81,3.45,9.08,862.57
09:23,35.76,60.64,4.14,4.04,588.81
09:24,32.73,44.39,1.99,4.24,527.54
09:25,36.19,73.39,1.87,9.83,545.2
09:26,29.04,40.87,4.1,6.32,895.67
09:27,25.47,71.59,2.91,9.88,799.93
09:28,37.45,42.15,1.81,1.31,437.48
09:29,31.73,71.78,0.66,3.97,484.66
09:30,32.56,75.06,2.59,8.81,320.97
09:31,31.16,42.08,1.68,5.96,404.68
09:32,27.62,55.1,3.06,2.64,302.21
09:33,33.03,43.71,1.28,3.04,394.58
09:34,34.35,44.24,1.03,3.42,366.52
09:35,30.83,62.81,0.84,9.01,686
09:36,31.18,56.94,3.68,9.6,512.64
09:37,27.33,72.17,3.54,5.29,625.26
09:38,36.25,61.57,3.82,7.83,607.61
09:39,36.93,62.03,2.44,1.06,829.81
09:40,35.68,78.48,1.08,2.08,741.82
09:41,27.08,67.72,2.12,8.83,781.07
09:42,37.21,40.08,3.28,7.28,629.88
09:43,34.19,49.29,0.28,7.11,526.56
09:44,26.81,45.66,0.81,9.95,339.16
09:45,27.46,74.82,2.03,4.56,587.05
09:46,34.56,53.38,2.47,7.18,525.35
09:47,30.65,78.1,1.16,3.4,488.09
09:48,25.27,75.03,0.88,6.4,859.39
09:49,30.51,53.53,4.13,4.23,313.08
09:50,29.52,55.68,0.99,6.48,625.2
09:51,29.12,52.93,1.43,5.08,610.39
09:52,38.89,66.81,0.28,6.31,657
09:53,30.46,63.56,2.08,9.17,634.69
09:54,26.18,50.18,2.73,7.4,846.31
09:55,25.16,62.23,4.28,1.18,391
09:56,39.14,61.52,4.73,1.09,809.03
09:57,31.7,76.07,1.58,6.58,302.17
09:58,34.95,78.46,0.9,2.13,738.12
09:59,29.62,48.84,1.58,9.91,305.66
10:00,31.66,63.46,0.17,9.05,398.02
10:01,25.36,42.98,4.6,4.22,577.93
10:02,33.42,68.58,1.47,5.49,772.93
10:03,36.47,68.36,0.03,9.66,515.57
10:04,38.54,70.76,3.78,6.31,813.41
10:05,31.44,60.92,4.06,1.68,427.32
10:06,35.27,77.3,2.87,4.65,773.2
10:07,28.4,77.65,1.9,3.25,530.84
10:08,27.25,62.61,0.21,4.3,435.71
10:09,33.69,54.7,4.83,4.04,300.04
10:10,33.11,57.55,4.61,7.84,760.84
10:11,29.61,79.9,4.57,9.49,797.28
10:12,25.01,40.27,2.88,9.23,592.61
10:13,28.36,63.17,3.13,9.69,408.08
10:14,32.67,50.43,0.76,7.83,362.05
10:15,38.41,60.87,0.73,1.46,780.9
10:16,29.89,68.45,1.08,9.35,319.43
10:17,29.26,68.2,2.75,2.95,577.7
10:18,30.96,71.66,3.78,6.54,654.67
10:19,34.51,59.06,1.39,1.48,346.94
10:20,25.45,75.75,1.17,7.33,430.63
10:21,39.89,73.16,1.38,4.77,407.76
10:22,38,54.85,4.14,7.01,888.05
10:23,25.15,75.54,1.48,1.24,568.9
10:24,31.94,68.1,4.61,2.35,483.55
10:25,29.27,47.1,4.12,4.84,819.56
10:26,34.25,78.19,4.16,4.04,590.17
10:27,38.6,55.56,1.37,2.49,341.61
10:28,32.25,64.63,2.29,6.74,734.06
10:29,29.28,43.2,4.32,2.71,476.09
10:30,26.71,61.25,0.96,9.62,696.99
10:31,27.24,76.56,3.89,5.61,865.66
10:32,27.3,70.44,1.48,4.3,790.37
10:33,28.91,47.54,3.45,6.74,566.4
10:34,33.82,54.04,0.14,3.36,354.2
10:35,38.79,41.14,1.09,4.27,696.11
10:36,28.16,53.63,3.99,6.49,859.18
10:37,32.78,65.47,2.38,2.44,701.55
10:38,27.26,44.68,1.26,5.19,529.41
10:39,29.36,64.51,2.61,4.35,632.57
10:40,34.17,69.13,4.97,7.94,531.49
10:41,34.25,56.6,1.15,1.54,712.59
10:42,37.68,66.61,4.38,4.41,636.76
10:43,29.1,78.57,1.72,6.71,650.79
10:44,30.53,68.84,1.96,5.09,363.69
10:45,35.66,50.87,1.77,3.31,492.67
10:46,29.44,62.27,4.8,7.27,725.11
10:47,36.41,62.69,1.23,5.53,381.54
10:48,26.84,77.09,3.27,1.73,325.22
10:49,33.63,67.95,0.49,6.9,496.55
10:50,36.8,45.55,3.38,4.72,623.23
10:51,39.45,60.52,1.53,5.49,558.97
10:52,39.96,73.04,2.29,2,836.87
10:53,36.93,50.06,1.48,1.5,811.53
10:54,32.47,55.89,1.13,3.75,406.45
10:55,31.93,54.08,0.45,5.61,508.69
10:56,31.73,73.67,0.51,3.04,611.28
10:57,39.23,60.39,4.01,8.81,470.41
10:58,35.45,78.96,4.19,7.45,326.42
10:59,34.06,62.71,0.91,5.31,861.38
11:00,26.93,70.64,3.55,2.86,866.5
11:01,37.22,73.76,2.05,3.29,524.67
11:02,27.78,73.95,0.04,1.37,500.88
11:03,29.78,44.38,3.1,6.06,829.96
11:04,37.89,54.54,1.12,8.59,394.05
11:05,29.24,42.68,2.46,7.07,747.45
11:06,33.75,70.51,1.6,5.65,626.25
11:07,35.83,58.84,3.33,2.77,460.69
11:08,28.24,56.42,3.05,4.01,575.41
11:09,27.15,67.45,0.7,4.53,333.07
11:10,32.49,54.08,3.43,2.12,603.56
11:11,38.76,63.73,2.81,2.7,817.38
11:12,27.29,40.2,4.58,3.07,415.1
11:13,33.13,43.79,2.08,7.8,366.33
11:14,25,56.35,4.56,1.27,316.49
11:15,33.36,63.55,4.36,6.67,579.05
11:16,32.5,48.76,3.66,5.42,840.1
11:17,34.11,58.13,4.33,3.54,608.92
11:18,25.34,41.21,0.79,6.7,555.34
11:19,27.36,59.31,2.12,3.62,357.51
11:20,27.32,46.44,4.94,9.84,326.49
11:21,35.83,72.35,2.81,5.7,511.25
11:22,34.6,65.14,4.41,1.52,882.3
11:23,25.81,79.12,0.13,2.13,584.47
11:24,27.27,42.52,4.3,1.32,567.4
11:25,38.35,73.44,3.79,2.03,550.89
11:26,33.19,68.84,0.2,7.89,471.22
11:27,38.21,63.72,4.48,5.86,809.8
11:28,25.02,51.61,2.76,2.08,397.66
11:29,33.07,54.16,0.55,6.73,838.91
11:30,30.62,49.74,0.87,1.86,315.53
11:31,29.14,78.52,2.02,2.26,786.16
11:32,31.35,56.3,1.45,5.91,448.53
11:33,25.72,74.69,2.64,6.37,671.72
11:34,28.57,75.74,0.14,8.04,662.76
11:35,36.54,60.28,2.44,9.8,737.87
11:36,28.07,40.66,2.2,2.99,825.53
11:37,31.88,76.92,0.78,5.19,611.07
11:38,33.15,60.83,1.75,1.89,864.81
11:39,31.26,47.63,0.76,6.19,897.92
11:40,36.87,45.88,4.11,8.33,456.61
11:41,28.62,78.89,3.49,3.57,811.95
11:42,26.97,66.25,0.99,4.46,704.71
11:43,28.76,66.09,0.66,9.97,773.37
11:44,37.76,50.79,3.25,8.77,622.34
11:45,37.69,66,4.27,1.49,802.61
11:46,27.76,55.5,2.95,1.02,884.66
11:47,29.5,73.07,1.92,4.36,499.56
11:48,38.2,74.19,3.08,9.46,625.54
11:49,28.25,73.35,1.52,1.05,836.89
11:50,26.44,62.15,4.24,8.15,451.13
11:51,27.72,78.67,4.11,7.5,874.49
11:52,26.39,56.04,4.77,6.43,714.88
11:53,29.06,49.11,3.16,2.49,837.32
11:54,29.3,49.91,1.52,2.49,700.94
11:55,34.99,41.38,2.97,8.2,424.15
11:56,25.66,72.93,0.22,8.19,786.05
11:57,27.23,76.94,4.96,3.48,552.11
11:58,35.07,54.23,0.96,6.74,454.08
11:59,37.7,48.62,4.46,9.46,564.51
12:00,27.99,50.15,4.89,9.44,555.79
12:01,36.03,54.22,4.39,4.39,444.25
12:02,39.78,62,4.84,4.2,523.19
12:03,35.37,79.67,0.6,1.33,452.21
12:04,34.75,44.83,4.41,9.76,522
12:05,35.08,59.4,3.51,7.88,770.22
12:06,36.86,68.55,1.19,6.92,495.48
12:07,39.62,54.49,0.66,9.01,711.09
12:08,29.85,74.25,3.92,7.37,790.4
12:09,29.06,77.81,4.7,2.04,358.04
12:10,28.91,70.69,3.31,5.14,319.76
12:11,32.73,50.32,3.91,5.22,422.35
12:12,28.63,48.87,3.94,4.56,460.36
12:13,34.4,57.71,3.69,2.35,411.12
12:14,37.95,69.18,2.07,7.13,545.96
12:15,28.46,52.14,4.4,8.17,341.42
12:16,29.96,74.75,1.84,3.67,816.47
12:17,31.6,46.93,4.54,3.66,894.55
12:18,27.18,48.75,1.89,2.74,824.52
12:19,33,70.02,4.48,2.33,763.42
12:20,39.24,79.98,3.81,4.1,566.6
12:21,35.86,55.33,0.68,8.02,548.69
12:22,29.73,44.22,3.03,8.96,357.94
12:23,34.2,63.7,1.01,5.12,486.72
12:24,37.59,57.66,1.04,7.61,442.23
12:25,38.58,54.4,1.72,7.27,814.14
12:26,38.57,50.35,0.75,6.8,780.51
12:27,39.98,44.56,0.66,7.59,327.36
12:28,30.93,78.5,1.89,9.74,589.33
12:29,26.4,47.62,1.98,1.52,387.29
12:30,29.33,52.81,3.15,3.93,703.76
12:31,33.97,65.03,4.38,5.56,764.66
12:32,36.64,42.78,0.3,3.67,708.89
12:33,37.46,48.73,2.84,1.61,421.2
12:34,35.3,73.93,1.96,7.77,833.7
12:35,38.28,50.69,3.98,5.88,746.04
12:36,30.31,79.18,1.19,9.13,603.65
12:37,28.04,48.83,1.79,8.09,479.26
12:38,39.5,56.17,3.08,8.86,440.13
12:39,25.09,48.57,3.82,7.1,642.4
12:40,32.6,56.75,2.38,9.53,618.37
12:41,37.76,47.07,2.41,4.35,608.64
12:42,36.28,76.25,2.94,6.15,503.12
12:43,33.64,57.38,2.06,4.06,694.53
12:44,37.57,66.67,4.34,7.64,394.24
12:45,33.85,52.02,2.84,4.31,855.43
12:46,25.59,71.54,0.24,7.86,584.84
12:47,38.12,78.96,2.6,7.75,351.61
12:48,29.13,53.79,4.58,3.97,540.31
12:49,30.15,70.66,1.21,5.95,328.74
12:50,39.45,72.04,1.45,2.63,712.02
12:51,27.27,74.19,0.15,3.49,647.52
12:52,38.82,47.97,0.98,8.36,353.54
12:53,33.5,49.87,2.49,1.25,832.03
12:54,37.33,71.7,2.16,4.66,383.8
12:55,36.16,69.15,1.12,7.98,501.74
12:56,33.37,45.64,4.73,7.12,618.09
12:57,31.42,46.64,2.37,6.4,508.31
12:58,30.29,57.23,2.74,5.85,756.81
12:59,27.41,56.56,4.51,8.44,728.67
13:00,37.09,57.13,4.41,5.43,461.84
13:01,37.38,75.7,2.96,8.32,544.9
13:02,33.51,46.95,1.64,1.23,776.54
13:03,33.79,76.9,0.89,8.52,654.31
13:04,35.56,54.04,0.71,6.65,870.77
13:05,33.94,63.32,1.1,1.34,882.55
13:06,30.18,52.11,2.31,6.02,406.96
13:07,37.59,48.65,0.86,4.12,546.43
13:08,30.22,46.79,2.21,4.76,393.61
13:09,32.84,44.36,1.27,3.5,403.23
13:10,32.55,62.5,2.16,7.91,393.87
13:11,31.5,69.79,2.35,7.05,811.99
13:12,27.05,60.91,3.92,4.14,601.09
13:13,25.79,50.65,2.41,6.33,620.7
13:14,25.95,55.79,0.68,6.96,877.3
13:15,32.61,46.14,4.11,7.22,838.25
13:16,29.19,69.36,2.28,3.97,638.57
13:17,30.08,47.92,2.88,7.94,415.64
13:18,37.3,55.08,3.59,5.29,474.03
13:19,27.09,46.72,1.66,3.64,852.93
13:20,26.21,65.37,4.96,7.67,485.6
13:21,33.72,51.43,1.13,9.76,744.24
13:22,36.43,45.02,0.15,5.82,778.93
13:23,38.67,67.72,2.87,9,347.05
13:24,36.38,47.5,3.86,3.87,382.96
13:25,35.99,59.18,2.3,9.82,766.11
13:26,38.89,77.29,0.38,6.02,524.57
13:27,36.33,43.72,0.33,8.39,616.79
13:28,38.9,48.88,2.43,3.92,734.13
13:29,27.71,48.87,1.45,2.12,698.37
13:30,25.67,43.4,1.77,1.02,504.04
13:31,28.88,69.09,1.22,7.22,787.6
13:32,31.48,58.57,1.65,7.79,373.95
13:33,30.48,71.44,1.66,3.59,642.75
13:34,28.52,45.73,3.82,5.09,500.19
13:35,36.89,67.15,3.3,7.91,399.48
13:36,34.27,60.24,1.49,5.84,512.01
13:37,34.95,63.81,4.99,3.26,847.45
13:38,39.71,51.96,0.62,2.33,814.44
13:39,37.66,75.36,3.12,2.58,507.07
13:40,37.19,71.81,2.23,9.39,672.21
13:41,31.21,61.55,3.46,9.59,575.93
13:42,29.5,79.31,1.43,9.73,391.33
13:43,34.82,59.96,0.41,7.94,671.38
13:44,31.17,43.81,4.22,1.66,505.1
13:45,39.78,40.73,2.86,8.1,653.2
13:46,33.45,41.28,3.07,1.88,488.4
13:47,33.3,67.19,1.68,5.83,366.58
13:48,27.05,55.31,1.86,9.78,563.4
13:49,39.05,46.25,3.02,4.29,645.9
13:50,27.27,49.43,3.89,1.29,755.81
13:51,27.87,44.01,1.14,9.43,709.37
13:52,35.92,67.94,2.99,9.92,451.76
13:53,30.1,71.67,0.56,2.28,398.23
13:54,29.91,59.29,3.61,5,434.25
13:55,30.82,61.92,3.18,4.78,563.7
13:56,28.67,74.42,2.68,9.54,688.91
13:57,37.64,71.5,0.83,6.18,320.53
13:58,33.7,56.11,2.53,4.21,632.78
13:59,37.09,47.55,3.06,2.83,653.96
14:00,37.59,54.66,1.93,3.76,519.52
14:01,36.62,69.8,1.19,7.28,712.04
14:02,29.53,72.25,0.53,3.6,358.63
14:03,32.08,46.28,2,5.53,850.92
14:04,25.59,67.76,3.42,3.12,605.22
14:05,26.66,46.56,4.64,3.77,408.13
14:06,33.53,48.59,4.34,5.49,333.19
14:07,37.66,67.57,1.36,1.76,570.06
14:08,35.42,64.83,3.54,6.28,311.89
14:09,29.14,66.57,3.87,2.75,867.82
14:10,32.64,46.19,2.24,1.62,486.39
14:11,29.17,47.25,4.98,7.49,453.01
14:12,29.35,58.47,1.96,4.64,596.08
14:13,26.36,53.54,4.82,2.08,555.18
14:14,31.43,48.79,4.44,7.64,454.03
14:15,29.34,41.99,3.37,3.74,728.88
14:16,32.08,63.94,1.36,4.31,691.55
14:17,25.1,49.63,2.76,8.95,716.75
14:18,37.71,69.79,2.13,3.05,663.51
14:19,28.28,48.37,4.71,6.22,695.09
14:20,31.69,62.96,1.1,6.37,303.92
14:21,33.4,41.16,1.68,1.38,780.3
14:22,39.8,48.47,4.53,2.68,690.41
14:23,30.52,74.66,3.51,7.56,411.94
14:24,34.18,42.39,0.74,6.64,749.58
14:25,33.03,57.72,0.53,2.63,609.81
14:26,30.23,73.93,0.5,9.92,542.36
14:27,29.64,51.51,4.65,4.67,731.28
14:28,30.33,57.45,1.4,7.78,348.69
14:29,31.59,74.39,4.59,8.18,616.07
14:30,33.32,76.87,4.73,3.99,361.18
14:31,31.83,54.79,4.39,2.07,536.05
14:32,36.91,62.2,1.67,9.83,852.9
14:33,36.07,40.85,1.95,2.2,742.66
14:34,39.25,59.28,3.32,7.82,541.16
14:35,28.07,56.64,0.39,6.7,408.16
14:36,32.05,67.62,0.91,7.94,624.39
14:37,39.67,45.79,3.53,2.35,816.41
14:38,33.89,52.5,1.47,4.64,442.84
14:39,39.61,51.49,0.09,7.59,804.99
14:40,35,61.8,4.98,6.51,387.48
14:41,35.5,53.51,3.01,6.98,509.44
14:42,39.67,69.84,4.47,4.11,712.2
14:43,28.24,47.08,4.18,8.44,365.79
14:44,27.23,65.41,3.9,6.68,848.84
14:45,32.24,61.06,0.46,5.38,678.81
14:46,37.64,64.5,2.13,8.61,831.73
14:47,32.1,78.44,2.26,5.56,366.49
14:48,27.3,70.48,2.81,1.03,686.5
14:49,30.51,41.37,2.65,8.7,808.37
14:50,29.95,64.22,4.11,5.02,746.93
14:51,27.12,56.36,2.77,6.8,605.62
14:52,29.82,64.54,3.07,7.13,482.21
14:53,35.5,79.62,4.82,9,736.31
14:54,26.2,79.27,3.9,6.19,307.01
14:55,34.69,69.44,4.43,8.5,786.42
14:56,28.45,76.29,2.45,3.17,323.22
14:57,27.13,48.16,1.83,7.46,889.56
14:58,38.39,70.08,0.26,6.26,785.83
14:59,30.44,55.74,0.29,3.35,820.26
15:00,38.81,43.91,2.42,3.26,733.34
15:01,31.32,78.29,4.72,8.88,323.98
15:02,34.41,41.11,1.51,4.81,515.7
15:03,38.78,74.87,1.77,2.99,760.64
15:04,26.83,59.75,2.47,5.33,483.06
15:05,33.75,48.21,2.36,8.94,379.85
15:06,25.52,70.03,1.89,6.4,605.7
15:07,25.59,44.94,0.01,6.23,683.15
15:08,27.18,73.67,1.03,8.54,588.3
15:09,32.53,61.84,0.61,3.16,334.78
15:10,32.07,59.84,4.17,8.53,647.99
15:11,25.98,74.55,3.42,4.06,821.64
15:12,27.17,56.65,0.57,9.22,855.61
15:13,31.99,77.02,3.82,6.41,455.38
15:14,30.93,42.5,0.95,3,777.64
15:15,36.29,71,2.75,9.5,648.23
15:16,25.89,68.28,0.06,9.76,775.63